Point_ID,Northing,Easting,Z
S3_00001,460102.059,398746.640,155.399
S3_00002,484488.089,313409.005,64.755
S3_00003,479931.541,280268.954,434.496
S3_00004,464299.039,385694.860,236.105
S3_00005,478939.032,239551.918,120.485
S3_00006,479783.676,239806.406,118.167
S3_00007,457010.714,503723.242,268.375
S3_00008,459543.478,431938.315,199.507
S3_00009,482382.241,324352.251,501.021
S3_00010,460914.070,412675.020,458.005
S3_00011,455705.169,518606.750,400.501
S3_00012,456836.431,486533.710,306.009
S3_00013,431303.890,569124.898,502.592
S3_00014,411750.547,578315.348,180.499
S3_00015,475692.627,210944.178,353.329
S3_00016,337270.374,585391.587,120.220
S3_00017,470503.815,366259.758,92.007
S3_00018,460810.726,411192.980,126.144
S3_00019,482339.137,290308.484,394.604
S3_00020,475316.769,344934.859,63.639
S3_00021,477719.952,335176.379,164.020
S3_00022,411083.360,577890.630,578.903
S3_00023,480340.516,331197.554,527.068
S3_00024,456382.930,491123.319,213.435
S3_00025,474146.848,348839.526,569.142
S3_00026,478313.684,241846.133,414.943
S3_00027,477394.872,241202.893,552.460
S3_00028,479915.439,244823.250,210.441
S3_00029,458503.141,458824.486,438.725
S3_00030,458367.590,472469.734,282.718
S3_00031,481935.263,272017.234,185.144
S3_00032,456605.357,490041.212,235.733
S3_00033,459078.999,441325.594,552.504
S3_00034,364444.782,583765.673,266.330
S3_00035,353022.289,583858.591,302.453
S3_00036,484232.619,310103.168,62.755
S3_00037,473018.198,353498.332,129.853
S3_00038,483999.506,295558.452,271.343
S3_00039,458330.763,443367.222,129.234
S3_00040,372853.530,584166.869,432.088
S3_00041,471671.986,358204.795,412.558
S3_00042,422286.294,574321.433,123.262
S3_00043,476596.904,213193.613,523.189
S3_00044,371539.426,585664.122,568.625
S3_00045,389682.880,584497.222,208.315
S3_00046,481771.960,277539.406,490.314
S3_00047,456495.247,520931.174,303.308
S3_00048,386689.887,585228.618,431.920
S3_00049,393307.325,585016.861,307.109
S3_00050,427931.205,571725.695,511.888
S3_00051,458783.194,433295.399,82.360
S3_00052,483961.255,313363.759,207.414
S3_00053,362493.456,585027.569,493.356
S3_00054,475193.220,350105.657,418.879
S3_00055,471544.743,358215.560,243.420
S3_00056,459817.210,441790.171,217.842
S3_00057,456426.659,516171.107,420.320
S3_00058,363393.103,586170.704,317.717
S3_00059,362944.054,585326.389,147.543
S3_00060,480665.957,328585.593,253.244
S3_00061,353137.940,585046.844,474.651
S3_00062,458303.429,470360.045,569.768
S3_00063,471183.563,364825.040,347.980
S3_00064,476512.010,219483.582,453.939
S3_00065,457620.727,511090.961,479.064
S3_00066,456019.338,506131.420,433.936
S3_00067,464876.229,389442.470,423.369
S3_00068,371873.977,584903.009,120.845
S3_00069,458823.719,455056.053,197.919
S3_00070,478120.007,338084.557,349.276
S3_00071,477764.113,246064.793,74.338
S3_00072,485154.148,299611.190,276.056
S3_00073,475639.406,212106.801,367.137
S3_00074,459321.655,408076.348,81.130
S3_00075,471039.412,359997.493,377.472
S3_00076,483527.782,281982.414,445.320
S3_00077,456925.151,519510.921,455.191
S3_00078,475010.063,341964.712,305.926
S3_00079,457844.574,498643.778,189.107
S3_00080,356767.707,584407.999,208.412
S3_00081,477806.669,216774.424,361.783
S3_00082,438694.202,568265.288,441.404
S3_00083,393782.094,584967.792,367.031
S3_00084,482147.401,274101.839,558.643
S3_00085,457261.640,467638.231,261.127
S3_00086,478879.448,242650.846,547.634
S3_00087,469689.153,371143.698,402.819
S3_00088,457273.225,507692.095,575.146
S3_00089,476011.645,211372.788,409.018
S3_00090,460632.559,402449.800,60.026
S3_00091,463435.379,390106.473,160.378
S3_00092,454368.695,513109.175,573.927
S3_00093,474442.700,351959.897,293.640
S3_00094,459666.699,406489.078,221.695
S3_00095,461352.546,399527.005,402.276
S3_00096,465303.794,384396.261,163.394
S3_00097,454592.394,543680.263,71.143
S3_00098,472664.058,354445.245,270.351
S3_00099,457678.449,481778.462,213.858
S3_00100,456128.546,535240.136,533.397
S3_00101,482696.934,289706.945,560.979
S3_00102,471642.953,353012.090,139.152
S3_00103,478508.751,242447.090,128.237
S3_00104,481171.644,327200.887,90.593
S3_00105,367977.085,584987.817,464.366
S3_00106,482665.192,319298.012,125.580
S3_00107,466911.302,380148.674,581.043
S3_00108,483440.575,305403.745,498.607
S3_00109,364076.998,585102.228,277.085
S3_00110,409298.513,578200.590,428.585
S3_00111,459952.108,415624.791,466.062
S3_00112,481428.767,277931.403,242.253
S3_00113,479322.765,332884.031,422.435
S3_00114,455747.575,522665.481,378.399
S3_00115,432159.659,569754.807,463.756
S3_00116,424419.635,572077.063,183.712
S3_00117,422418.247,572641.819,462.289
S3_00118,485683.420,305389.062,420.071
S3_00119,476524.261,213326.611,412.379
S3_00120,480412.121,263628.507,410.012
S3_00121,478329.252,335933.757,430.609
S3_00122,457187.043,502699.769,511.419
S3_00123,481603.863,329053.318,497.690
S3_00124,482465.280,272464.935,284.891
S3_00125,476972.613,220969.886,193.971
S3_00126,476626.230,222377.602,215.565
S3_00127,455673.550,537705.899,187.920
S3_00128,481814.249,285992.522,458.901
S3_00129,453989.036,560215.935,550.817
S3_00130,457817.328,500374.231,78.996
S3_00131,475281.681,210920.434,583.777
S3_00132,454188.541,557675.333,284.541
S3_00133,383057.844,584519.491,565.162
S3_00134,420397.968,574775.793,90.916
S3_00135,394271.760,585218.032,535.024
S3_00136,459473.558,405806.656,428.931
S3_00137,455173.721,547774.612,531.574
S3_00138,459289.269,439335.613,127.612
S3_00139,480317.559,273809.177,436.886
S3_00140,350112.670,584920.786,522.643
S3_00141,376028.575,584901.304,364.465
S3_00142,449270.090,561093.421,334.422
S3_00143,479766.657,244055.631,387.995
S3_00144,409258.960,580552.837,595.756
S3_00145,460036.514,434352.850,102.731
S3_00146,431553.058,569205.243,548.331
S3_00147,465710.818,383803.164,450.171
S3_00148,479663.647,258795.816,539.689
S3_00149,418285.598,576079.683,516.209
S3_00150,344179.563,585109.198,483.894
S3_00151,483286.602,297265.391,96.389
S3_00152,475822.580,215838.031,404.616
S3_00153,453077.317,559879.314,398.324
S3_00154,398736.356,584208.675,150.436
S3_00155,456605.112,531100.124,431.210
S3_00156,482406.447,279955.908,195.200
S3_00157,461088.173,400229.035,105.348
S3_00158,457158.185,512192.524,577.802
S3_00159,459043.106,451834.467,207.591
S3_00160,483031.531,288481.587,421.495
S3_00161,458448.444,467251.345,61.152
S3_00162,456384.162,511346.778,317.707
S3_00163,482870.909,277535.517,496.278
S3_00164,455554.212,506104.840,74.433
S3_00165,468789.740,369650.089,547.386
S3_00166,475081.797,346106.716,341.310
S3_00167,403732.974,581699.009,240.583
S3_00168,459048.264,461270.172,391.183
S3_00169,458289.403,435870.315,168.744
S3_00170,459354.833,421424.735,193.943
S3_00171,476157.050,343113.548,534.894
S3_00172,463159.329,394577.905,75.681
S3_00173,458128.345,440463.929,410.763
S3_00174,456806.412,488392.429,145.491
S3_00175,455176.574,522685.145,515.110
S3_00176,459873.491,436614.772,63.922
S3_00177,478553.810,239558.726,261.350
S3_00178,454524.450,543524.319,65.490
S3_00179,365977.874,585116.587,362.986
S3_00180,395839.635,584417.969,109.355
S3_00181,482659.768,286594.960,393.071
S3_00182,474134.372,207727.324,140.197
S3_00183,335005.595,584305.414,448.379
S3_00184,456978.304,475319.532,439.909
S3_00185,468734.397,378551.165,208.325
S3_00186,369973.903,584997.868,550.695
S3_00187,470063.788,368999.485,207.393
S3_00188,432835.299,570718.052,379.168
S3_00189,343772.849,585262.443,217.529
S3_00190,479398.425,336009.199,581.530
S3_00191,460774.224,403246.126,169.733
S3_00192,454740.246,560775.366,524.224
S3_00193,457673.024,529673.568,432.337
S3_00194,483884.765,282834.352,206.213
S3_00195,458321.749,449786.489,292.402
S3_00196,456359.316,527081.002,261.226
S3_00197,455924.373,553128.310,273.007
S3_00198,454698.451,527508.876,150.306
S3_00199,478762.955,241853.947,455.268
S3_00200,456931.089,498878.784,275.213
S3_00201,350154.138,585841.382,273.702
S3_00202,455908.111,497852.797,494.052
S3_00203,455123.943,525355.053,186.320
S3_00204,457006.428,505023.876,311.844
S3_00205,456638.610,440116.659,373.021
S3_00206,459961.315,423185.429,534.620
S3_00207,456845.543,501496.130,543.408
S3_00208,389697.806,584760.224,433.219
S3_00209,460236.855,451172.146,316.853
S3_00210,473450.658,351784.179,475.956
S3_00211,476293.907,345287.812,127.396
S3_00212,457574.067,494137.232,138.883
S3_00213,363355.912,585429.315,341.060
S3_00214,455750.199,529908.999,223.020
S3_00215,395220.407,584911.818,435.707
S3_00216,434008.605,568665.733,76.755
S3_00217,478412.811,245490.320,555.231
S3_00218,481036.814,323725.525,546.857
S3_00219,484212.357,313283.612,169.575
S3_00220,478962.642,245234.981,222.732
S3_00221,475266.925,216395.298,555.600
S3_00222,476662.186,218423.563,253.631
S3_00223,375753.574,583774.690,155.705
S3_00224,481484.032,277848.165,381.946
S3_00225,476921.485,225716.474,233.902
S3_00226,457901.343,468411.280,465.896
S3_00227,456135.422,502330.498,336.958
S3_00228,413109.443,577673.524,522.719
S3_00229,449027.677,561965.617,474.641
S3_00230,345603.148,584980.271,384.192
S3_00231,484788.910,300516.073,207.006
S3_00232,438150.382,567371.823,93.501
S3_00233,355505.265,584798.436,208.149
S3_00234,368342.872,584755.200,488.427
S3_00235,458659.794,408710.086,146.802
S3_00236,456299.909,506630.908,560.517
S3_00237,369061.137,585268.062,295.310
S3_00238,481056.741,268028.972,467.306
S3_00239,458877.695,478413.084,583.507
S3_00240,455631.999,503313.942,377.766
S3_00241,456995.459,504647.774,62.327
S3_00242,480873.874,268688.657,444.004
S3_00243,463277.021,391002.941,375.627
S3_00244,409195.198,579255.095,273.363
S3_00245,459535.160,404781.473,162.884
S3_00246,374874.827,586084.553,408.220
S3_00247,476543.931,222952.038,459.596
S3_00248,347070.104,585255.763,503.340
S3_00249,377405.090,585445.452,186.940
S3_00250,476281.108,342194.868,284.633
S3_00251,481066.637,325480.955,312.881
S3_00252,459268.607,442389.440,509.917
S3_00253,485009.747,312329.742,152.048
S3_00254,483035.291,318648.630,417.262
S3_00255,459123.539,410543.202,391.271
S3_00256,456262.991,515191.379,597.273
S3_00257,438538.928,566173.334,228.817
S3_00258,483700.803,293769.592,344.069
S3_00259,398913.261,582484.037,349.282
S3_00260,475651.685,345104.740,460.765
S3_00261,438605.532,565694.445,134.300
S3_00262,363842.191,585542.060,295.650
S3_00263,408081.720,579918.154,219.418
S3_00264,436339.123,567335.476,63.237
S3_00265,400484.196,583023.705,203.294
S3_00266,455916.133,545174.237,511.761
S3_00267,457821.110,448683.059,351.231
S3_00268,459893.245,414884.136,375.615
S3_00269,479350.582,255209.113,510.679
S3_00270,459260.980,410823.026,321.405
S3_00271,456286.874,530730.389,511.504
S3_00272,387653.556,585039.222,563.379
S3_00273,458294.891,482425.263,271.687
S3_00274,483103.584,289494.132,561.318
S3_00275,463188.642,392860.437,475.984
S3_00276,484907.718,312511.639,447.165
S3_00277,337775.719,584934.689,512.909
S3_00278,457373.585,466543.112,574.606
S3_00279,426352.560,572143.926,559.793
S3_00280,383815.233,584999.942,320.201
S3_00281,423030.967,574283.222,124.089
S3_00282,481101.122,279405.695,68.109
S3_00283,459598.778,433531.903,541.071
S3_00284,336891.027,585375.784,162.268
S3_00285,481497.105,323217.651,376.380
S3_00286,461828.296,393474.150,585.574
S3_00287,388441.979,585534.637,112.473
S3_00288,457113.267,490888.202,485.460
S3_00289,457875.920,488083.116,342.890
S3_00290,458743.022,446910.522,569.746
S3_00291,454435.027,555314.097,216.898
S3_00292,344929.367,584657.446,70.150
S3_00293,460391.237,406572.785,456.515
S3_00294,398363.034,584298.405,403.781
S3_00295,479350.238,252186.592,71.036
S3_00296,481144.223,325646.581,175.724
S3_00297,457412.386,499243.959,463.926
S3_00298,458189.341,444570.117,424.160
S3_00299,345109.801,585226.859,216.462
S3_00300,346584.859,585417.405,381.920
S3_00301,457082.377,524093.068,80.720
S3_00302,459295.347,438690.086,367.705
S3_00303,459447.779,427518.985,169.148
S3_00304,481598.163,272649.073,320.100
S3_00305,399264.446,584355.916,440.303
S3_00306,457273.706,494030.983,549.751
S3_00307,460952.982,401301.230,565.913
S3_00308,478665.774,246560.365,510.847
S3_00309,356282.079,585199.883,234.298
S3_00310,457269.886,453910.089,524.841
S3_00311,457071.448,538325.919,85.855
S3_00312,470238.898,368320.737,342.000
S3_00313,459162.043,438245.944,383.341
S3_00314,459697.429,429732.129,558.965
S3_00315,361553.715,583859.131,478.311
S3_00316,481156.322,270498.786,495.583
S3_00317,432971.770,568438.998,215.903
S3_00318,461320.590,402214.239,440.717
S3_00319,460352.527,415301.581,289.766
S3_00320,459711.964,426173.982,590.460
S3_00321,463679.834,395482.123,448.098
S3_00322,477650.819,226086.409,278.804
S3_00323,426428.962,572750.392,304.574
S3_00324,485423.192,308403.732,141.144
S3_00325,478427.719,228192.862,436.769
S3_00326,441187.745,566974.599,191.244
S3_00327,457582.449,469198.099,552.325
S3_00328,414504.996,575946.668,122.009
S3_00329,482374.268,267716.221,570.171
S3_00330,455155.620,558326.754,595.712
S3_00331,476930.101,229114.871,313.156
S3_00332,479496.454,258328.080,421.155
S3_00333,461175.048,399039.473,572.309
S3_00334,454815.285,530553.345,561.006
S3_00335,483632.972,299578.962,219.626
S3_00336,402353.977,581663.751,310.229
S3_00337,461193.864,415958.284,468.875
S3_00338,483388.331,279929.380,309.206
S3_00339,482675.611,296878.206,480.520
S3_00340,478588.547,238808.866,278.164
S3_00341,485070.403,312912.084,162.083
S3_00342,481855.417,272925.255,475.997
S3_00343,480502.467,256557.202,329.865
S3_00344,457949.562,484308.178,449.649
S3_00345,457896.694,450992.044,144.797
S3_00346,469121.515,373674.570,421.924
S3_00347,480574.505,254783.466,285.622
S3_00348,483205.088,282848.596,240.089
S3_00349,441707.085,565378.913,565.905
S3_00350,478827.766,237154.330,585.289
S3_00351,395980.784,584305.028,183.050
S3_00352,485051.902,303882.394,285.187
S3_00353,350877.268,585170.457,302.849
S3_00354,460335.221,419099.637,143.562
S3_00355,453219.414,555068.543,197.244
S3_00356,481802.326,275937.619,364.727
S3_00357,461220.948,397199.669,476.158
S3_00358,460120.509,409926.521,149.773
S3_00359,469196.080,372106.298,287.969
S3_00360,484412.383,301592.657,191.715
S3_00361,473119.482,352207.484,271.762
S3_00362,412847.867,578787.031,271.137
S3_00363,485374.983,295341.180,263.435
S3_00364,455281.585,532977.458,208.914
S3_00365,478089.862,245276.713,180.088
S3_00366,393605.427,585664.952,320.516
S3_00367,456976.192,497687.200,195.861
S3_00368,423469.836,573217.758,561.085
S3_00369,484443.493,311829.890,190.430
S3_00370,455217.854,525738.001,338.967
S3_00371,469197.754,370142.013,192.381
S3_00372,477889.660,335238.819,533.130
S3_00373,466149.315,382598.185,249.811
S3_00374,484504.300,313679.337,379.634
S3_00375,458543.587,473933.358,169.239
S3_00376,458854.938,422247.169,379.957
S3_00377,477258.446,219554.555,522.074
S3_00378,371859.450,585637.471,256.654
S3_00379,481166.842,266648.883,570.002
S3_00380,458212.701,425346.179,246.315
S3_00381,458683.588,468243.561,119.516
S3_00382,456952.086,471784.106,591.124
S3_00383,456232.319,517612.183,175.634
S3_00384,444384.540,564891.036,465.562
S3_00385,475292.901,351488.934,233.748
S3_00386,455668.613,548651.281,72.265
S3_00387,458274.989,476596.739,357.825
S3_00388,478119.099,240767.256,415.495
S3_00389,456760.421,486476.046,461.049
S3_00390,458263.511,463759.724,82.700
S3_00391,366232.810,585418.973,400.575
S3_00392,478074.025,235694.482,222.069
S3_00393,473283.083,357781.272,173.806
S3_00394,335497.739,584932.579,582.103
S3_00395,466549.859,376294.290,510.225
S3_00396,456798.653,519259.926,353.194
S3_00397,457927.189,464458.317,451.140
S3_00398,362859.676,585345.918,238.266
S3_00399,459859.086,405244.977,87.568
S3_00400,476469.070,350558.515,381.254
S3_00401,479087.919,233732.567,147.656
S3_00402,453636.111,560842.379,568.281
S3_00403,344598.536,585359.739,294.806
S3_00404,460833.322,401142.008,202.562
S3_00405,481612.198,259409.968,124.158
S3_00406,458491.729,454969.888,451.680
S3_00407,378333.750,585052.486,549.819
S3_00408,477125.904,233211.719,542.113
S3_00409,474738.897,347831.228,543.000
S3_00410,476159.067,340939.659,500.343
S3_00411,459369.744,430407.228,319.080
S3_00412,399227.854,583546.936,113.036
S3_00413,455692.685,553523.824,139.271
S3_00414,481265.415,276556.439,577.080
S3_00415,419792.691,573635.037,89.431
S3_00416,480224.431,326058.020,235.950
S3_00417,459286.346,405157.930,307.122
S3_00418,456872.057,504680.006,508.278
S3_00419,349156.325,583962.453,86.028
S3_00420,457308.334,452170.892,306.001
S3_00421,478321.811,334521.804,334.445
S3_00422,426186.877,571470.532,514.339
S3_00423,456941.963,504993.229,515.063
S3_00424,468779.089,372783.071,276.023
S3_00425,458659.097,411586.232,473.879
S3_00426,395079.404,586245.822,270.323
S3_00427,484004.989,283054.080,598.986
S3_00428,466756.152,376077.645,202.768
S3_00429,477654.879,239950.760,407.153
S3_00430,479880.177,326717.973,174.953
S3_00431,369774.840,585643.677,235.956
S3_00432,357706.551,583892.813,200.214
S3_00433,485159.574,309018.233,566.952
S3_00434,373471.401,584748.264,391.040
S3_00435,476439.332,341226.969,112.926
S3_00436,469971.040,370627.003,61.823
S3_00437,458624.539,463816.432,494.186
S3_00438,481425.819,279562.374,575.089
S3_00439,456574.731,504731.599,440.734
S3_00440,479798.349,246616.186,399.733
S3_00441,440658.764,565028.191,222.272
S3_00442,438355.906,566974.855,418.748
S3_00443,412359.649,576983.731,481.034
S3_00444,464154.760,389540.826,77.442
S3_00445,478790.183,340601.063,362.750
S3_00446,405852.086,579029.646,343.958
S3_00447,381420.692,584120.242,183.093
S3_00448,463173.794,392609.803,427.560
S3_00449,455990.177,542322.399,159.746
S3_00450,460024.561,401069.792,330.295
S3_00451,457843.316,477082.302,341.349
S3_00452,482218.737,292115.713,317.656
S3_00453,405406.855,578460.459,516.400
S3_00454,340439.570,584051.763,463.741
S3_00455,458342.513,468327.347,253.690
S3_00456,404397.051,580522.027,134.318
S3_00457,482505.616,321819.868,407.597
S3_00458,460006.917,412120.467,326.246
S3_00459,479544.317,241441.615,121.877
S3_00460,457254.954,480372.984,499.840
S3_00461,477454.459,341462.327,317.491
S3_00462,477782.766,232081.509,371.495
S3_00463,460285.147,407744.844,211.376
S3_00464,484034.946,282671.044,312.993
S3_00465,476449.881,216243.881,408.234
S3_00466,457619.861,468021.628,519.562
S3_00467,458194.932,469769.647,130.732
S3_00468,483091.423,320620.794,79.404
S3_00469,459017.952,413311.484,402.417
S3_00470,459717.938,413951.249,508.385
S3_00471,474957.118,212224.559,112.427
S3_00472,460117.200,414834.140,473.920
S3_00473,458184.855,465025.613,472.660
S3_00474,475784.666,343044.532,147.511
S3_00475,456157.946,503939.240,229.000
S3_00476,411812.427,579179.169,410.647
S3_00477,353086.308,584884.722,438.313
S3_00478,386622.547,585108.513,345.161
S3_00479,452842.250,562216.588,525.107
S3_00480,451345.473,560818.050,572.902
S3_00481,462515.377,396411.609,100.501
S3_00482,473229.284,351823.096,374.703
S3_00483,458072.799,466353.086,595.773
S3_00484,426784.529,571773.914,431.906
S3_00485,458602.919,421116.759,122.404
S3_00486,461391.557,412622.637,277.306
S3_00487,459514.945,446043.487,367.098
S3_00488,484440.132,316570.490,581.313
S3_00489,474790.058,352699.783,169.487
S3_00490,455757.530,530834.418,490.472
S3_00491,474176.794,351711.902,558.273
S3_00492,460625.000,417789.445,272.454
S3_00493,346361.956,584432.388,199.593
S3_00494,479390.969,248541.737,114.205
S3_00495,477069.222,336611.587,242.954
S3_00496,456365.186,528590.154,244.176
S3_00497,483799.781,314574.256,70.551
S3_00498,336777.442,585087.623,285.966
S3_00499,454423.184,550376.019,329.466
S3_00500,463108.891,392142.231,261.015
S3_00501,463899.201,390705.274,437.386
S3_00502,481180.942,263907.525,146.616
S3_00503,470022.746,362248.747,85.831
S3_00504,480218.839,260380.480,111.444
S3_00505,370670.795,585577.307,116.146
S3_00506,400132.348,581386.504,207.788
S3_00507,477802.963,332374.067,380.786
S3_00508,478986.703,331411.555,599.039
S3_00509,456678.588,535842.103,80.656
S3_00510,464197.598,387152.978,578.382
S3_00511,358741.805,585857.225,274.098
S3_00512,455166.253,530262.712,228.502
S3_00513,459089.755,404432.107,158.382
S3_00514,464080.778,392793.113,335.983
S3_00515,446492.450,563889.080,93.928
S3_00516,477589.584,233737.356,476.054
S3_00517,447786.263,563659.142,60.525
S3_00518,455776.077,520735.711,341.692
S3_00519,353499.952,584460.061,323.506
S3_00520,479090.617,246852.738,338.274
S3_00521,484074.522,312259.117,375.876
S3_00522,474020.827,355376.306,196.400
S3_00523,479474.737,329353.009,316.443
S3_00524,456191.645,477464.198,150.806
S3_00525,460265.248,409237.787,279.075
S3_00526,350786.700,584388.342,550.540
S3_00527,459132.367,456793.542,208.145
S3_00528,439972.002,566569.227,537.439
S3_00529,455832.724,527107.279,117.322
S3_00530,453399.520,560334.705,189.209
S3_00531,454752.402,558492.124,97.810
S3_00532,483468.532,301708.118,131.718
S3_00533,459560.660,464769.272,424.079
S3_00534,464591.793,388312.585,574.189
S3_00535,455404.636,526159.288,276.651
S3_00536,456181.403,531922.603,161.626
S3_00537,457219.245,513324.864,362.789
S3_00538,371473.814,584936.651,350.189
S3_00539,483361.316,278261.166,316.175
S3_00540,345507.421,584834.834,481.877
S3_00541,457340.972,455985.326,553.359
S3_00542,479851.283,261080.365,299.378
S3_00543,466606.380,381048.786,574.638
S3_00544,457681.743,518861.672,538.945
S3_00545,458920.088,450652.425,590.891
S3_00546,458903.992,476440.617,245.140
S3_00547,457786.240,492245.582,70.726
S3_00548,479514.698,331837.042,421.730
S3_00549,462740.788,392672.578,330.565
S3_00550,460215.863,415632.058,504.533
S3_00551,345208.047,584722.503,111.932
S3_00552,482753.409,277135.432,394.207
S3_00553,469365.173,370469.846,532.725
S3_00554,475657.446,347688.901,540.538
S3_00555,481691.988,322304.880,297.023
S3_00556,479713.039,242856.313,469.574
S3_00557,407240.504,579608.227,167.883
S3_00558,480609.422,324194.865,525.996
S3_00559,458145.984,468430.925,351.444
S3_00560,476364.387,204930.383,401.778
S3_00561,457936.015,431054.334,329.984
S3_00562,482060.028,282240.707,475.198
S3_00563,458460.569,463262.297,572.241
S3_00564,460036.279,418756.380,429.448
S3_00565,476959.037,229780.662,229.810
S3_00566,468228.589,378477.730,541.284
S3_00567,478958.096,333668.208,355.717
S3_00568,479710.701,243877.271,552.075
S3_00569,406866.681,581097.231,186.784
S3_00570,454622.636,529929.941,395.885
S3_00571,480531.949,264743.665,496.893
S3_00572,456691.158,519769.520,417.246
S3_00573,399700.943,583370.588,335.216
S3_00574,478197.422,248352.698,328.182
S3_00575,463776.237,390987.655,219.557
S3_00576,471419.306,357875.198,64.694
S3_00577,478225.005,242027.907,335.386
S3_00578,453386.461,560136.236,352.247
S3_00579,477599.833,231207.441,446.410
S3_00580,473864.541,347966.116,63.643
S3_00581,458561.672,429141.405,356.787
S3_00582,479893.787,330656.083,270.932
S3_00583,475891.115,211196.987,126.965
S3_00584,457531.400,497868.689,193.626
S3_00585,483918.854,286025.785,404.597
S3_00586,484890.994,300637.257,492.639
S3_00587,458726.434,476325.344,496.135
S3_00588,354598.946,584820.741,375.505
S3_00589,459953.555,408795.659,552.822
S3_00590,484044.170,301477.582,516.728
S3_00591,464663.485,388662.938,91.971
S3_00592,472139.647,358997.299,277.547
S3_00593,460739.173,418714.975,82.377
S3_00594,458261.214,487287.232,536.994
S3_00595,458504.652,444880.739,286.385
S3_00596,469569.079,368886.149,215.190
S3_00597,454922.174,543657.620,509.010
S3_00598,482424.475,310638.790,193.982
S3_00599,455606.693,553892.913,537.589
S3_00600,483950.023,296705.294,68.239
S3_00601,480026.178,251990.006,249.715
S3_00602,482528.426,319223.290,365.821
S3_00603,356645.672,585101.893,536.040
S3_00604,423082.034,573452.088,340.443
S3_00605,456361.440,530891.727,587.522
S3_00606,464644.149,389598.730,491.129
S3_00607,480486.217,264026.291,146.857
S3_00608,458174.405,426335.260,519.169
S3_00609,338636.865,586890.336,314.505
S3_00610,455213.384,552397.175,422.668
S3_00611,457304.923,475981.834,439.701
S3_00612,456151.664,502190.540,224.806
S3_00613,456966.364,490699.158,383.081
S3_00614,456203.464,524208.514,119.466
S3_00615,484828.289,297724.931,122.685
S3_00616,457286.461,513718.004,449.098
S3_00617,480007.515,255619.362,76.131
S3_00618,409921.636,578934.945,122.975
S3_00619,478430.220,334074.810,391.489
S3_00620,481800.503,281128.770,117.588
S3_00621,475219.030,208767.327,493.833
S3_00622,354592.132,584815.374,376.726
S3_00623,484502.669,303365.963,486.042
S3_00624,459643.889,430387.431,551.196
S3_00625,475595.111,214471.608,94.653
S3_00626,457344.551,476566.273,369.841
S3_00627,459243.875,438969.431,128.442
S3_00628,454807.496,555616.131,135.021
S3_00629,457177.379,477710.058,265.632
S3_00630,458129.745,468640.975,271.712
S3_00631,458969.654,443159.348,165.605
S3_00632,458761.728,427802.278,329.630
S3_00633,458373.514,422095.269,567.172
S3_00634,482399.524,291102.297,483.940
S3_00635,440943.050,565312.736,191.096
S3_00636,457250.906,467679.032,588.746
S3_00637,456400.411,518437.811,228.120
S3_00638,440129.363,566757.692,201.258
S3_00639,458060.013,461217.694,316.858
S3_00640,459079.933,441031.625,543.961
S3_00641,483050.347,284042.880,514.663
S3_00642,458403.717,490753.867,514.522
S3_00643,460390.860,433155.716,442.588
S3_00644,476470.715,219994.995,329.324
S3_00645,456038.076,514717.861,351.633
S3_00646,476057.755,237546.224,156.540
S3_00647,458743.048,469862.695,494.387
S3_00648,455938.715,510581.696,433.447
S3_00649,483482.339,293632.141,463.534
S3_00650,434907.674,567103.718,371.009
S3_00651,457140.485,497076.106,552.641
S3_00652,396973.998,585032.749,474.801
S3_00653,479792.445,249987.362,152.536
S3_00654,411821.558,577332.777,425.391
S3_00655,443317.351,563192.951,106.265
S3_00656,468884.202,368195.537,60.767
S3_00657,482823.183,291501.095,124.005
S3_00658,477283.648,339908.636,116.834
S3_00659,485429.967,307111.589,425.908
S3_00660,466584.103,380130.580,554.770
S3_00661,483662.049,315893.444,340.036
S3_00662,480860.831,253697.839,560.869
S3_00663,467604.363,379429.903,378.582
S3_00664,451079.834,561941.911,165.838
S3_00665,454806.674,552532.887,478.867
S3_00666,377499.821,583650.249,168.955
S3_00667,460719.184,401400.482,207.443
S3_00668,435732.499,567701.199,158.145
S3_00669,412555.682,576379.449,93.633
S3_00670,353990.807,583910.387,116.887
S3_00671,476201.996,343796.459,194.124
S3_00672,462282.646,391044.419,420.684
S3_00673,476039.657,217400.514,278.512
S3_00674,461054.960,409585.990,520.453
S3_00675,477669.012,232004.741,265.788
S3_00676,457205.337,498452.703,540.323
S3_00677,468644.585,371489.594,135.898
S3_00678,485293.364,305323.601,433.849
S3_00679,480106.891,261647.134,471.861
S3_00680,461246.366,403115.679,460.895
S3_00681,480057.751,330220.228,132.168
S3_00682,455438.517,552720.340,413.164
S3_00683,389176.116,584980.230,63.212
S3_00684,480512.383,264430.102,184.990
S3_00685,469196.092,374002.763,462.070
S3_00686,474880.055,211040.498,488.132
S3_00687,455582.694,522450.679,275.048
S3_00688,462965.223,392667.717,353.771
S3_00689,458090.650,463183.735,198.238
S3_00690,462240.138,397135.794,568.930
S3_00691,364177.943,584998.897,551.085
S3_00692,458848.367,455823.926,322.396
S3_00693,477857.195,234822.706,429.640
S3_00694,477863.998,235642.301,333.665
S3_00695,456984.833,470331.386,437.020
S3_00696,433381.155,569862.052,164.857
S3_00697,370272.847,584069.630,513.075
S3_00698,350971.167,584258.642,468.337
S3_00699,455219.886,527265.853,151.902
S3_00700,335708.467,585176.005,197.024
S3_00701,459662.172,421597.271,260.048
S3_00702,460353.082,442229.594,456.453
S3_00703,407600.368,578454.626,194.683
S3_00704,370468.046,585294.790,339.161
S3_00705,476089.472,225361.729,124.439
S3_00706,395168.496,585887.432,268.460
S3_00707,459961.140,443843.386,86.418
S3_00708,478102.397,256081.618,428.688
S3_00709,477253.818,336655.682,320.486
S3_00710,482046.165,282378.742,529.888
S3_00711,479373.519,233698.224,470.893
S3_00712,458423.547,428929.086,121.620
S3_00713,449037.192,560520.071,211.558
S3_00714,479121.052,269599.504,447.847
S3_00715,480111.902,251764.896,599.024
S3_00716,414324.414,577191.358,560.177
S3_00717,375491.536,585444.604,109.381
S3_00718,479973.614,259728.238,432.902
S3_00719,477584.840,339401.706,98.172
S3_00720,457407.291,468987.682,429.901
S3_00721,454026.085,561171.222,199.315
S3_00722,439363.803,565827.079,536.105
S3_00723,468824.768,375439.493,512.315
S3_00724,459352.828,431477.997,169.432
S3_00725,338380.877,585852.898,181.738
S3_00726,474639.685,352688.881,377.031
S3_00727,484520.356,304535.720,319.670
S3_00728,480312.917,259534.663,386.744
S3_00729,478379.358,250728.087,291.093
S3_00730,462974.521,390425.328,139.842
S3_00731,415996.973,576628.364,398.895
S3_00732,370189.456,584617.854,261.195
S3_00733,379511.894,586380.216,113.890
S3_00734,485518.343,310049.701,348.537
S3_00735,458096.017,466236.348,125.350
S3_00736,368282.685,584195.450,95.209
S3_00737,367423.881,585623.766,435.956
S3_00738,460005.576,412140.881,253.508
S3_00739,448016.943,563047.556,524.770
S3_00740,483028.137,280648.194,269.088
S3_00741,461757.121,397813.467,309.831
S3_00742,457540.168,466300.369,68.441
S3_00743,469480.067,369153.719,300.191
S3_00744,478132.570,335351.853,281.489
S3_00745,482621.313,294363.639,322.871
S3_00746,481170.073,274214.176,154.195
S3_00747,392725.227,584400.737,255.496
S3_00748,339246.730,583981.442,256.308
S3_00749,465371.760,381904.285,520.174
S3_00750,342576.174,584273.484,134.066
S3_00751,482476.036,291938.097,533.675
S3_00752,481494.625,263688.774,89.858
S3_00753,430894.891,570332.559,184.768
S3_00754,481415.766,277918.450,205.280
S3_00755,459845.426,414680.266,328.843
S3_00756,458553.267,439188.157,226.353
S3_00757,483963.425,303620.793,140.175
S3_00758,485244.746,301061.961,236.717
S3_00759,459340.766,420434.348,500.348
S3_00760,482505.851,272288.530,579.388
S3_00761,480657.024,256772.132,134.287
S3_00762,455964.468,513886.892,344.498
S3_00763,403190.125,582069.380,298.025
S3_00764,459791.037,421911.143,368.724
S3_00765,459543.509,405016.091,249.350
S3_00766,457141.047,477981.384,237.604
S3_00767,413340.523,575340.574,222.084
S3_00768,459888.513,414846.150,306.631
S3_00769,479381.883,240460.619,344.248
S3_00770,480383.991,330628.494,457.707
S3_00771,467053.177,376542.815,297.236
S3_00772,473466.911,354648.962,255.084
S3_00773,456269.766,523113.240,77.410
S3_00774,456995.189,509893.052,341.841
S3_00775,382430.618,586630.507,183.855
S3_00776,458667.726,461680.303,372.353
S3_00777,381347.525,584529.095,461.824
S3_00778,432028.731,568483.282,322.599
S3_00779,455177.326,531501.774,297.529
S3_00780,456463.719,495299.966,201.973
S3_00781,456912.197,512663.768,176.571
S3_00782,408859.796,579081.233,133.548
S3_00783,456963.316,517465.068,546.796
S3_00784,474714.727,213830.177,162.468
S3_00785,391205.692,587101.787,327.007
S3_00786,458325.060,438865.620,548.442
S3_00787,477176.594,345357.455,338.871
S3_00788,456838.967,493083.536,540.516
S3_00789,476213.967,227293.439,335.933
S3_00790,483454.519,303101.220,124.644
S3_00791,345254.977,584980.191,214.916
S3_00792,456151.976,534257.749,513.169
S3_00793,481479.822,275986.263,174.385
S3_00794,464689.069,386348.909,231.168
S3_00795,395605.148,584720.114,163.235
S3_00796,484109.964,307924.271,401.878
S3_00797,459319.807,437805.494,526.406
S3_00798,459819.787,428897.137,138.063
S3_00799,467228.683,377546.781,541.150
S3_00800,479373.225,241579.797,443.561
S3_00801,340080.995,584810.164,184.843
S3_00802,483322.971,284489.849,388.666
S3_00803,460292.075,412878.465,494.144
S3_00804,476093.819,225722.599,529.448
S3_00805,450443.277,561606.536,402.122
S3_00806,474383.938,347576.259,409.351
S3_00807,401442.843,581611.881,427.493
S3_00808,460021.839,402166.820,377.630
S3_00809,349112.715,584810.985,479.693
S3_00810,375594.663,584418.188,287.287
S3_00811,383517.221,585482.149,253.099
S3_00812,473940.304,355509.263,103.267
S3_00813,445354.145,564597.959,529.183
S3_00814,457746.295,486838.780,347.901
S3_00815,478144.237,247807.903,173.039
S3_00816,457125.579,514015.223,87.323
S3_00817,483305.656,302303.808,171.009
S3_00818,454672.774,523799.485,427.282
S3_00819,425795.273,571430.210,491.939
S3_00820,480732.254,265832.232,250.712
S3_00821,461200.215,403825.541,308.553
S3_00822,479212.456,255858.436,489.543
S3_00823,354208.547,583703.868,598.497
S3_00824,479929.285,260544.671,459.073
S3_00825,476029.187,214414.753,370.710
S3_00826,476328.546,222165.064,162.648
S3_00827,346808.582,583690.344,551.996
S3_00828,459446.107,429591.165,169.459
S3_00829,472387.733,359057.981,380.513
S3_00830,481771.503,318727.711,335.801
S3_00831,462171.920,394238.943,351.467
S3_00832,458270.079,455064.509,221.949
S3_00833,455532.922,538696.360,221.101
S3_00834,382782.270,584088.233,430.456
S3_00835,474764.239,216013.185,235.887
S3_00836,457752.548,471798.062,474.986
S3_00837,483611.281,295823.011,488.068
S3_00838,467749.515,376659.352,500.698
S3_00839,458548.580,446710.460,364.775
S3_00840,457142.644,458722.585,196.385
S3_00841,479090.765,257284.970,100.229
S3_00842,480989.194,263823.743,537.349
S3_00843,481509.305,325551.596,108.394
S3_00844,478421.887,236267.959,352.496
S3_00845,388961.586,585123.609,462.010
S3_00846,468399.645,373531.812,155.622
S3_00847,478820.735,236612.439,150.347
S3_00848,456237.429,498171.339,208.727
S3_00849,476575.561,219006.394,130.489
S3_00850,459776.746,404464.229,450.013
S3_00851,455298.613,529676.127,60.430
S3_00852,465962.521,383607.829,234.886
S3_00853,458866.268,473563.779,222.046
S3_00854,430754.178,570026.359,156.322
S3_00855,475559.256,341128.257,474.810
S3_00856,455836.531,519311.401,389.277
S3_00857,445563.859,563528.609,106.546
S3_00858,483467.229,289671.677,556.799
S3_00859,482343.687,288863.069,401.997
S3_00860,480927.535,277902.244,422.454
S3_00861,461911.426,396800.292,384.264
S3_00862,341231.748,585477.647,535.897
S3_00863,462136.703,391966.029,197.048
S3_00864,454892.646,553723.162,153.656
S3_00865,455606.954,525406.530,592.930
S3_00866,458739.329,450746.799,564.842
S3_00867,483825.644,293906.922,172.691
S3_00868,408313.213,578843.433,457.360
S3_00869,338628.897,584256.176,63.038
S3_00870,480722.366,327549.735,394.861
S3_00871,441040.647,566914.450,167.610
S3_00872,468325.473,368937.261,493.164
S3_00873,376638.062,584872.604,361.561
S3_00874,430812.659,569016.876,416.551
S3_00875,445223.185,562511.033,421.098
S3_00876,481432.191,322292.466,596.592
S3_00877,455387.600,554388.585,141.937
S3_00878,459273.082,427781.941,200.206
S3_00879,458566.333,420139.510,131.908
S3_00880,480710.605,261151.802,346.690
S3_00881,368867.475,583571.987,467.233
S3_00882,478691.906,244709.653,240.433
S3_00883,455759.985,536494.657,145.926
S3_00884,458371.263,465682.775,137.374
S3_00885,481702.490,323997.759,290.885
S3_00886,481977.086,284471.288,390.627
S3_00887,433290.556,568524.725,343.383
S3_00888,458164.753,446136.531,202.946
S3_00889,460445.862,401155.646,114.044
S3_00890,459707.656,461963.328,373.679
S3_00891,483655.014,315348.302,103.375
S3_00892,458479.526,436064.481,362.582
S3_00893,482635.107,295547.280,547.664
S3_00894,456789.461,480332.419,98.721
S3_00895,483634.428,272175.278,193.497
S3_00896,462340.682,403863.060,307.388
S3_00897,455435.246,537551.110,440.604
S3_00898,458786.623,431561.796,384.562
S3_00899,483794.644,316720.883,557.159
S3_00900,375711.053,584807.907,91.940
S3_00901,473164.247,356900.239,145.203
S3_00902,457086.968,509539.905,498.045
S3_00903,475444.860,216340.430,419.268
S3_00904,484484.844,301782.666,447.040
S3_00905,388436.334,584914.181,128.977
S3_00906,454494.136,552359.178,483.436
S3_00907,393431.247,584835.830,63.747
S3_00908,480905.580,319535.002,522.293
S3_00909,352722.479,585631.732,154.705
S3_00910,459137.862,441932.821,92.220
S3_00911,465972.052,382084.428,154.920
S3_00912,347783.333,585101.892,126.535
S3_00913,473026.774,356407.448,69.281
S3_00914,361653.494,585637.693,256.916
S3_00915,484775.759,311487.452,282.069
S3_00916,475479.056,209533.115,329.951
S3_00917,475794.608,225255.704,496.731
S3_00918,470262.621,372942.659,266.158
S3_00919,432212.251,570563.727,114.644
S3_00920,474720.823,349554.798,448.286
S3_00921,339124.371,585152.736,558.619
S3_00922,445134.629,564969.710,581.697
S3_00923,388348.859,585972.691,438.263
S3_00924,483453.621,294238.898,563.138
S3_00925,351399.352,584875.258,571.059
S3_00926,478706.797,230999.513,244.813
S3_00927,462532.551,396662.732,117.259
S3_00928,342975.596,584214.274,446.333
S3_00929,456371.444,522525.992,179.821
S3_00930,435333.873,568982.827,591.156
S3_00931,483681.419,288206.861,251.286
S3_00932,474114.098,212557.574,361.927
S3_00933,460006.542,414046.887,464.465
S3_00934,482906.962,321268.845,287.448
S3_00935,456614.397,469771.489,552.176
S3_00936,438115.666,566639.996,65.549
S3_00937,476392.690,223550.508,279.101
S3_00938,459635.469,453439.731,404.487
S3_00939,457222.187,448845.002,465.366
S3_00940,442277.434,565877.423,447.681
S3_00941,456134.342,549284.593,423.966
S3_00942,457672.430,511588.383,175.634
S3_00943,458065.274,479060.760,471.558
S3_00944,484073.948,300608.346,531.903
S3_00945,455401.646,551800.115,263.197
S3_00946,456352.872,558901.059,510.098
S3_00947,336068.633,584667.366,71.549
S3_00948,456546.662,515139.897,355.119
S3_00949,459539.303,426958.168,346.674
S3_00950,482820.038,292854.631,381.861
S3_00951,398312.487,583460.517,255.536
S3_00952,371245.141,583575.443,358.201
S3_00953,460167.864,417720.251,312.703
S3_00954,411508.664,578360.666,449.161
S3_00955,355041.166,585884.068,401.375
S3_00956,458020.407,462250.401,359.148
S3_00957,456546.811,547393.253,368.432
S3_00958,471594.779,363573.446,351.443
S3_00959,484240.430,294838.013,269.026
S3_00960,453553.001,560911.475,453.236
S3_00961,465656.407,378586.938,418.348
S3_00962,481664.901,276437.837,156.861
S3_00963,460624.237,423842.346,273.047
S3_00964,481069.726,326167.640,347.572
S3_00965,457195.021,500273.173,525.967
S3_00966,481310.191,255269.644,304.669
S3_00967,482212.664,280367.790,240.509
S3_00968,440160.073,565819.336,193.898
S3_00969,477324.542,223374.710,549.780
S3_00970,458150.991,464306.198,419.966
S3_00971,460123.714,421144.155,276.030
S3_00972,406364.288,580033.349,516.776
S3_00973,460427.279,407216.230,164.781
S3_00974,482754.640,279696.085,592.638
S3_00975,458907.783,448217.873,587.764
S3_00976,457278.189,474350.573,449.546
S3_00977,471099.657,362061.243,420.232
S3_00978,437052.255,567499.388,471.341
S3_00979,350348.321,584556.725,514.522
S3_00980,456703.114,472705.354,222.196
S3_00981,458269.804,501056.994,159.466
S3_00982,475700.621,347097.414,378.562
S3_00983,465271.357,381883.241,180.217
S3_00984,426582.928,571918.261,303.735
S3_00985,478039.813,239059.998,353.575
S3_00986,458370.149,455379.092,471.876
S3_00987,458570.750,432214.293,287.033
S3_00988,456253.007,440356.092,274.943
S3_00989,481512.055,273794.395,67.184
S3_00990,417762.190,575638.149,128.814
S3_00991,482470.357,282003.557,419.351
S3_00992,388893.047,584067.822,545.782
S3_00993,389670.993,585154.813,526.025
S3_00994,479716.915,259437.704,90.811
S3_00995,479420.660,254579.697,152.026
S3_00996,457912.972,471332.469,476.492
S3_00997,458601.728,463646.517,471.881
S3_00998,459041.363,425204.154,155.820
S3_00999,457566.089,473167.529,424.556
S3_01000,456254.150,532442.674,345.432
S3_01001,482753.306,279970.978,238.620
S3_01002,460548.569,400770.757,164.378
S3_01003,480213.448,262046.313,319.252
S3_01004,344546.036,584264.721,542.787
S3_01005,462917.257,397050.446,78.935
S3_01006,461741.722,396841.661,209.218
S3_01007,361873.783,585070.189,476.231
S3_01008,374867.867,584991.855,565.204
S3_01009,455764.480,555717.347,261.923
S3_01010,485079.630,305200.291,368.916
S3_01011,394697.467,584365.313,323.412
S3_01012,457069.690,494575.209,592.439
S3_01013,442473.403,565924.109,247.176
S3_01014,468955.686,374418.324,562.608
S3_01015,482897.549,300014.575,450.938
S3_01016,457493.723,479475.907,575.217
S3_01017,455066.932,517160.222,495.971
S3_01018,459559.797,435881.418,585.270
S3_01019,455634.710,543798.420,83.949
S3_01020,355535.131,583426.985,565.655
S3_01021,460041.077,416367.941,456.761
S3_01022,477273.086,234279.791,208.212
S3_01023,342757.776,584093.836,557.577
S3_01024,469797.552,367122.083,79.122
S3_01025,353362.319,584655.094,210.664
S3_01026,469791.346,369261.310,263.392
S3_01027,479990.897,261932.348,565.661
S3_01028,457269.437,466322.667,459.032
S3_01029,477192.419,221223.045,537.566
S3_01030,372358.421,585305.385,94.550
S3_01031,346115.354,585044.796,277.737
S3_01032,465777.312,378540.595,86.152
S3_01033,477937.551,337078.680,294.970
S3_01034,481822.028,272066.955,382.960
S3_01035,457103.981,510853.142,379.871
S3_01036,450436.473,563004.759,270.879
S3_01037,474430.690,347048.662,579.669
S3_01038,476879.244,342284.381,258.051
S3_01039,455457.617,536569.223,215.335
S3_01040,456611.487,518441.427,511.259
S3_01041,392836.906,584814.521,588.042
S3_01042,460047.814,424478.694,517.982
S3_01043,458000.261,439848.900,323.174
S3_01044,478477.058,238232.286,578.016
S3_01045,374350.319,583512.181,392.692
S3_01046,476656.168,224578.897,340.919
S3_01047,478889.866,249696.616,592.036
S3_01048,477028.303,234836.439,427.746
S3_01049,456910.574,497664.889,256.247
S3_01050,481252.770,323602.204,136.387
S3_01051,457682.470,471825.170,593.851
S3_01052,475454.043,214983.768,311.771
S3_01053,456569.099,509467.135,477.371
S3_01054,387289.060,584904.647,193.366
S3_01055,340319.361,585981.356,462.306
S3_01056,476563.450,223064.012,537.366
S3_01057,403411.452,580718.301,187.914
S3_01058,456787.770,491473.096,481.471
S3_01059,457494.241,525633.485,446.510
S3_01060,478539.770,248104.151,597.190
S3_01061,481897.601,274866.050,417.957
S3_01062,458791.290,433834.411,457.583
S3_01063,480171.540,259658.253,434.668
S3_01064,469731.366,362391.315,138.996
S3_01065,469010.646,367791.138,321.905
S3_01066,416054.709,575855.518,494.088
S3_01067,435875.784,568138.603,111.548
S3_01068,456379.369,524969.594,464.299
S3_01069,458142.637,448651.497,574.920
S3_01070,459242.681,437068.781,310.180
S3_01071,425744.866,573420.971,411.875
S3_01072,447607.565,563532.452,528.373
S3_01073,479134.949,328570.374,287.284
S3_01074,456917.986,511162.897,146.608
S3_01075,417665.340,574166.303,121.165
S3_01076,458689.998,405615.635,138.779
S3_01077,453815.916,560280.291,147.115
S3_01078,439748.702,565878.283,176.411
S3_01079,457018.143,479363.945,305.697
S3_01080,458519.163,438841.344,240.305
S3_01081,455816.387,528077.254,240.716
S3_01082,352570.399,585051.222,522.333
S3_01083,455975.659,535194.965,526.181
S3_01084,458376.371,433898.548,112.900
S3_01085,420064.782,574755.958,343.973
S3_01086,465748.167,383773.905,419.266
S3_01087,455674.765,543467.668,302.773
S3_01088,412585.934,576540.894,346.902
S3_01089,447695.130,562119.230,115.409
S3_01090,437070.712,567804.227,528.765
S3_01091,455152.601,553655.333,563.195
S3_01092,458723.676,471421.048,237.864
S3_01093,459231.191,451808.872,595.119
S3_01094,480259.131,273316.236,265.325
S3_01095,478402.386,247610.011,443.332
S3_01096,483389.785,291037.132,460.859
S3_01097,457417.276,536020.484,95.346
S3_01098,405235.237,579493.965,120.868
S3_01099,381184.274,585556.175,264.674
S3_01100,482390.195,284113.073,179.913
S3_01101,457398.873,477545.392,390.252
S3_01102,407581.355,579695.036,92.415
S3_01103,451908.390,562388.743,476.393
S3_01104,475206.024,347675.890,120.152
S3_01105,455034.429,560183.905,349.701
S3_01106,476996.083,231712.767,193.833
S3_01107,479986.597,253338.461,428.221
S3_01108,475140.033,347068.338,70.338
S3_01109,458198.601,431158.801,242.875
S3_01110,478062.501,242295.397,107.759
S3_01111,476128.774,208562.238,290.402
S3_01112,456263.489,476107.433,571.636
S3_01113,390115.134,583715.682,144.451
S3_01114,482763.670,315323.364,263.035
S3_01115,430037.725,568827.153,68.128
S3_01116,465313.952,379561.410,68.178
S3_01117,423567.564,572325.754,505.031
S3_01118,465650.078,382367.311,271.355
S3_01119,389362.722,585304.902,91.194
S3_01120,411530.859,576980.903,72.898
S3_01121,482579.509,276195.776,364.789
S3_01122,465029.822,383387.236,141.722
S3_01123,456172.860,511958.544,212.593
S3_01124,421419.103,574580.906,139.456
S3_01125,458254.429,466542.728,294.317
S3_01126,449344.775,562945.789,594.096
S3_01127,371939.769,585193.430,365.841
S3_01128,344406.884,584673.184,101.579
S3_01129,458624.637,427380.974,588.597
S3_01130,398393.413,583311.054,565.371
S3_01131,481777.255,278987.625,302.922
S3_01132,479619.759,328544.528,70.902
S3_01133,455087.899,549879.178,541.923
S3_01134,460101.274,424620.243,409.370
S3_01135,400107.121,582658.836,61.423
S3_01136,484193.833,293507.034,71.619
S3_01137,479476.801,243832.038,141.503
S3_01138,425317.223,572035.558,112.695
S3_01139,455192.502,543934.934,599.306
S3_01140,447568.756,561933.057,426.318
S3_01141,458946.803,451960.298,574.219
S3_01142,479388.341,332725.191,310.341
S3_01143,457893.021,448855.921,64.691
S3_01144,476863.940,341820.514,182.370
S3_01145,432153.978,567928.934,376.875
S3_01146,476269.626,225424.352,150.481
S3_01147,341346.664,584695.231,578.137
S3_01148,480203.859,250302.052,289.977
S3_01149,476542.775,210257.310,591.670
S3_01150,392519.022,584846.689,407.149
S3_01151,456208.554,488992.031,338.435
S3_01152,475313.241,204609.468,220.561
S3_01153,459411.658,407545.656,452.660
S3_01154,355683.162,585452.083,120.337
S3_01155,478212.886,339337.792,328.154
S3_01156,475966.172,219238.993,295.388
S3_01157,474632.937,211232.258,371.614
S3_01158,457683.220,468453.677,539.440
S3_01159,479346.174,250084.035,463.472
S3_01160,456362.177,518369.031,591.066
S3_01161,482990.038,310279.758,286.994
S3_01162,485417.221,309880.873,400.901
S3_01163,485800.843,303505.401,421.912
S3_01164,438213.465,567846.602,300.898
S3_01165,476534.845,217070.210,265.101
S3_01166,399170.667,583776.989,250.252
S3_01167,454440.199,559746.110,168.929
S3_01168,460148.283,441754.754,311.178
S3_01169,482358.819,321125.314,230.286
S3_01170,479320.529,327080.322,272.065
S3_01171,352460.855,584188.718,386.780
S3_01172,459494.302,439662.452,553.496
S3_01173,335051.202,585145.843,164.467
S3_01174,480692.583,270092.460,147.530
S3_01175,478755.797,259130.718,569.332
S3_01176,437861.200,567275.217,459.561
S3_01177,481517.137,271766.379,260.100
S3_01178,470007.427,366835.131,304.942
S3_01179,456340.572,514195.712,391.412
S3_01180,457135.688,467069.809,103.909
S3_01181,456171.983,540411.775,501.392
S3_01182,457962.106,464800.689,146.408
S3_01183,445018.019,563462.071,529.468
S3_01184,483475.026,310796.580,275.499
S3_01185,462786.364,396231.360,517.387
S3_01186,480451.464,261184.324,564.853
S3_01187,459576.516,404104.902,471.984
S3_01188,458398.806,488469.932,311.426
S3_01189,351021.987,584073.825,195.251
S3_01190,481448.215,321762.797,213.193
S3_01191,419325.203,574422.344,501.417
S3_01192,481727.534,272034.598,236.032
S3_01193,477822.806,234849.211,408.612
S3_01194,454425.782,541801.529,261.524
S3_01195,454773.225,542531.192,574.107
S3_01196,481212.587,266350.067,588.920
S3_01197,481400.103,321645.972,339.272
S3_01198,463030.046,387273.679,297.059
S3_01199,413274.413,578163.451,139.620
S3_01200,457702.758,487385.396,481.593
S3_01201,478911.972,249837.274,363.673
S3_01202,344833.066,586267.651,533.500
S3_01203,356344.910,585016.850,540.273
S3_01204,473458.273,353664.249,249.270
S3_01205,458504.086,443072.268,141.641
S3_01206,454690.413,550050.886,65.235
S3_01207,478800.016,335181.760,97.289
S3_01208,470393.071,365872.080,411.579
S3_01209,461669.263,396208.928,221.853
S3_01210,478640.259,332357.652,241.774
S3_01211,449428.343,561189.337,157.739
S3_01212,457807.030,478784.150,521.180
S3_01213,480146.796,257114.993,380.415
S3_01214,459416.074,412595.568,396.750
S3_01215,355311.501,584082.253,430.154
S3_01216,484532.259,308721.271,141.441
S3_01217,376470.589,586347.606,163.370
S3_01218,399010.198,583638.974,325.386
S3_01219,478595.700,244556.205,416.591
S3_01220,461445.978,397203.505,426.198
S3_01221,456565.982,515321.648,555.629
S3_01222,385904.030,584188.535,342.995
S3_01223,480034.458,264125.443,349.114
S3_01224,438005.004,568325.857,185.646
S3_01225,458250.534,463374.898,377.042
S3_01226,444695.449,564027.326,387.299
S3_01227,477029.835,234239.772,542.740
S3_01228,477644.807,237190.822,468.192
S3_01229,413984.739,576815.286,201.302
S3_01230,461340.084,403399.317,479.399
S3_01231,467102.617,379965.051,583.382
S3_01232,463241.451,385604.496,214.859
S3_01233,484308.932,310818.541,279.511
S3_01234,455071.802,547471.997,446.895
S3_01235,477364.833,247710.679,358.849
S3_01236,474910.860,348110.242,496.157
S3_01237,455406.277,532395.746,529.841
S3_01238,456097.815,495808.721,516.926
S3_01239,461430.800,408494.585,448.782
S3_01240,455427.293,542212.478,402.790
S3_01241,482646.591,317065.449,442.668
S3_01242,462764.413,394540.092,467.827
S3_01243,387214.727,585056.391,140.114
S3_01244,390204.537,585592.234,391.929
S3_01245,430546.913,569440.020,264.872
S3_01246,481435.312,329692.277,465.604
S3_01247,456466.160,510097.115,351.586
S3_01248,455485.619,519605.404,148.390
S3_01249,456274.166,513437.698,123.948
S3_01250,478961.983,246004.831,514.887
S3_01251,363421.015,585009.796,431.133
S3_01252,459314.208,416519.009,439.343
S3_01253,460462.444,402843.766,425.592
S3_01254,383914.005,585874.264,165.038
S3_01255,338574.013,584881.660,141.283
S3_01256,476217.137,342339.426,466.770
S3_01257,456787.033,488522.503,166.408
S3_01258,480027.961,327973.865,475.017
S3_01259,458034.590,453796.670,80.102
S3_01260,477385.309,242175.624,405.967
S3_01261,477691.960,333858.810,173.164
S3_01262,457208.431,511400.208,160.488
S3_01263,454623.208,529602.477,516.393
S3_01264,456245.291,552519.026,433.352
S3_01265,476543.904,224692.465,135.841
S3_01266,481942.829,267974.335,143.806
S3_01267,374321.549,585974.425,436.056
S3_01268,456969.070,505762.608,206.417
S3_01269,391816.823,585162.061,321.185
S3_01270,478441.947,236546.288,134.844
S3_01271,457785.079,517069.994,272.629
S3_01272,426511.332,572157.976,300.176
S3_01273,479867.940,249663.733,250.250
S3_01274,470380.378,364081.173,511.724
S3_01275,456131.004,546859.436,437.113
S3_01276,476719.113,218686.949,418.792
S3_01277,357821.197,584827.868,192.940
S3_01278,457968.952,487569.690,579.436
S3_01279,385747.615,583018.660,388.625
S3_01280,437056.776,567379.198,566.109
S3_01281,484764.356,301418.893,341.405
S3_01282,347826.602,584245.182,145.201
S3_01283,478608.254,232199.473,564.967
S3_01284,479487.626,243910.263,83.637
S3_01285,456545.192,487462.557,409.445
S3_01286,352396.922,584753.981,387.847
S3_01287,371366.124,585541.293,167.005
S3_01288,457431.418,493784.315,375.694
S3_01289,463249.176,390610.293,66.195
S3_01290,455903.526,496594.355,412.164
S3_01291,476446.103,212782.697,502.947
S3_01292,484869.478,301586.899,120.589
S3_01293,390930.344,584625.996,165.511
S3_01294,475910.137,348519.710,287.145
S3_01295,342538.875,585603.527,540.753
S3_01296,457195.867,533059.684,473.106
S3_01297,438746.915,566444.475,380.825
S3_01298,356936.177,584832.282,313.621
S3_01299,458307.945,423239.369,598.391
S3_01300,475033.264,346332.635,502.066
S3_01301,483605.736,280609.191,590.326
S3_01302,454862.493,538353.055,105.088
S3_01303,481099.032,265957.954,555.245
S3_01304,475126.101,351002.548,91.327
S3_01305,467964.884,372536.983,528.905
S3_01306,458847.909,428081.008,480.461
S3_01307,480824.677,271433.865,170.721
S3_01308,461799.484,399842.590,473.467
S3_01309,458571.768,455789.504,344.900
S3_01310,346588.417,584339.666,157.110
S3_01311,457098.571,486567.865,542.039
S3_01312,470594.629,365744.112,273.355
S3_01313,478076.282,246469.301,460.916
S3_01314,468038.648,373608.475,552.205
S3_01315,458972.861,417743.618,493.263
S3_01316,478751.097,234956.024,186.274
S3_01317,457454.909,485668.491,277.247
S3_01318,473601.320,204932.618,106.412
S3_01319,456746.332,494796.749,224.826
S3_01320,480790.418,277731.870,450.909
S3_01321,461241.191,399615.676,356.029
S3_01322,484193.285,312271.819,338.010
S3_01323,473721.182,357549.205,503.866
S3_01324,481524.455,273098.025,124.350
S3_01325,478945.640,242257.426,378.896
S3_01326,456527.132,521121.596,172.350
S3_01327,448425.876,564157.321,355.308
S3_01328,480540.627,323015.115,274.302
S3_01329,478491.357,339440.473,264.960
S3_01330,426669.521,572485.905,331.315
S3_01331,367520.936,584549.643,250.936
S3_01332,482485.631,282763.771,267.630
S3_01333,401951.141,581652.443,399.784
S3_01334,456064.782,551196.491,479.604
S3_01335,482266.735,294529.205,324.112
S3_01336,459797.339,430683.101,534.790
S3_01337,457644.131,498021.284,503.526
S3_01338,457745.488,462065.255,347.884
S3_01339,465348.765,386854.796,149.785
S3_01340,458140.904,467051.245,470.822
S3_01341,478366.616,331458.567,205.749
S3_01342,459895.678,401332.919,145.854
S3_01343,477201.675,220233.948,385.737
S3_01344,477714.325,235829.498,213.361
S3_01345,478939.442,252070.645,432.978
S3_01346,461080.579,398013.255,335.031
S3_01347,461922.928,403232.451,251.540
S3_01348,457101.044,467981.582,421.560
S3_01349,378397.348,585391.794,520.254
S3_01350,404463.981,581602.364,559.472
S3_01351,473556.626,354736.255,462.740
S3_01352,459978.223,448787.246,122.182
S3_01353,458161.165,446136.594,207.004
S3_01354,343286.149,585216.464,413.749
S3_01355,454461.693,530255.430,455.898
S3_01356,472472.379,358088.134,349.014
S3_01357,477667.429,228424.523,83.421
S3_01358,452621.243,560598.181,413.701
S3_01359,457006.645,471481.017,382.155
S3_01360,458516.890,466027.790,248.748
S3_01361,476086.555,344077.392,97.089
S3_01362,476502.260,236578.773,79.618
S3_01363,457009.361,498168.277,503.975
S3_01364,402186.209,581600.080,563.568
S3_01365,484817.053,299861.507,424.415
S3_01366,478909.832,240764.780,242.293
S3_01367,459956.818,417942.053,360.725
S3_01368,466334.314,380365.072,345.462
S3_01369,458938.348,409826.860,268.573
S3_01370,484881.300,301195.899,72.651
S3_01371,474118.863,351514.253,278.480
S3_01372,456560.554,506398.703,398.910
S3_01373,453411.240,560437.014,339.518
S3_01374,427581.843,571936.507,110.987
S3_01375,455772.466,519350.029,139.166
S3_01376,461377.596,404354.270,488.354
S3_01377,482399.310,315676.615,189.025
S3_01378,482628.290,316274.015,82.411
S3_01379,344380.911,584959.993,462.468
S3_01380,483882.976,291589.418,184.689
S3_01381,373219.268,585068.153,298.573
S3_01382,448300.479,563609.998,457.818
S3_01383,431821.892,571161.255,438.571
S3_01384,457927.148,501001.629,319.225
S3_01385,465195.864,386670.511,240.177
S3_01386,482351.926,323546.913,576.323
S3_01387,474812.202,211128.315,99.891
S3_01388,483189.053,287867.108,388.688
S3_01389,457692.022,473948.120,569.477
S3_01390,460116.584,413729.772,221.488
S3_01391,481229.871,269425.557,342.466
S3_01392,460590.471,437966.956,342.235
S3_01393,457465.684,481339.840,428.978
S3_01394,479473.844,330366.213,219.942
S3_01395,460350.456,402323.487,381.847
S3_01396,478657.223,237904.585,543.858
S3_01397,460313.006,452593.548,454.307
S3_01398,356055.140,583857.531,290.562
S3_01399,476143.678,218136.179,303.478
S3_01400,428863.514,570960.695,133.151
S3_01401,459061.934,466794.798,474.251
S3_01402,459521.494,401137.329,222.708
S3_01403,457345.830,504499.703,594.177
S3_01404,456436.159,529710.303,252.474
S3_01405,484688.057,313519.286,162.830
S3_01406,455126.181,540707.662,436.281
S3_01407,440475.682,566477.349,418.227
S3_01408,475637.392,221320.353,269.005
S3_01409,481842.912,282297.117,294.979
S3_01410,457334.234,498257.811,569.013
S3_01411,482959.168,287234.870,383.625
S3_01412,481069.302,253451.254,224.686
S3_01413,357982.436,583462.399,471.530
S3_01414,459110.195,420681.384,571.005
S3_01415,337671.809,585324.494,532.835
S3_01416,482996.099,305359.834,249.005
S3_01417,390377.885,584067.161,60.278
S3_01418,447902.565,562859.209,566.976
S3_01419,456721.781,504050.391,273.122
S3_01420,458678.341,452536.223,171.887
S3_01421,458689.757,461081.767,585.289
S3_01422,438548.539,568153.012,559.818
S3_01423,460882.952,407797.638,85.506
S3_01424,377968.175,585069.227,542.859
S3_01425,458838.383,447052.991,575.496
S3_01426,478655.940,235848.263,417.528
S3_01427,456409.492,512465.441,88.495
S3_01428,459014.819,423875.790,593.570
S3_01429,464660.819,389030.519,592.185
S3_01430,385394.546,584806.803,541.477
S3_01431,482499.117,320157.590,340.296
S3_01432,457573.794,504764.304,525.622
S3_01433,462471.180,398195.072,518.127
S3_01434,474606.441,350181.445,507.743
S3_01435,455955.699,498907.489,525.114
S3_01436,455913.907,523763.583,429.429
S3_01437,457998.970,467938.779,62.226
S3_01438,485467.164,304170.634,418.297
S3_01439,460003.671,412286.715,259.618
S3_01440,455446.758,525110.497,162.237
S3_01441,457252.138,459990.816,554.078
S3_01442,419253.163,574660.675,564.980
S3_01443,434756.102,568381.596,599.123
S3_01444,479433.636,332374.400,597.602
S3_01445,444018.897,564813.892,579.574
S3_01446,412799.155,576672.027,570.744
S3_01447,475271.105,207394.934,215.326
S3_01448,407072.741,579520.444,578.983
S3_01449,475499.018,211427.786,374.947
S3_01450,417712.678,575152.873,523.428
S3_01451,469413.401,374521.667,429.469
S3_01452,483512.590,309077.690,290.004
S3_01453,441751.522,564294.153,270.890
S3_01454,482383.725,287933.961,194.682
S3_01455,445635.243,562761.947,292.350
S3_01456,455591.124,539874.417,270.225
S3_01457,455678.231,535566.779,372.285
S3_01458,470069.370,366791.387,169.683
S3_01459,460890.283,398904.477,276.352
S3_01460,411404.743,579215.964,374.744
S3_01461,470659.846,364968.428,590.635
S3_01462,464424.876,380818.312,102.848
S3_01463,484507.386,299555.996,378.680
S3_01464,457448.481,501580.189,136.648
S3_01465,459106.131,455290.536,108.102
S3_01466,481376.632,272053.105,363.155
S3_01467,459216.343,420001.569,97.895
S3_01468,353026.808,584561.241,273.409
S3_01469,476211.760,225542.110,240.942
S3_01470,414591.765,576328.235,201.467
S3_01471,470960.370,357853.634,451.462
S3_01472,460157.115,438569.559,174.706
S3_01473,383496.502,584652.279,454.791
S3_01474,481809.167,278388.584,87.141
S3_01475,457565.956,464077.211,243.760
S3_01476,459017.360,466598.964,467.363
S3_01477,478604.649,243908.967,172.974
S3_01478,459252.041,411923.972,351.122
S3_01479,483116.525,317111.463,471.924
S3_01480,458934.117,445291.058,136.166
S3_01481,465277.955,387216.540,408.120
S3_01482,460468.587,406808.661,274.256
S3_01483,460590.601,404270.643,250.014
S3_01484,456289.623,495944.915,368.133
S3_01485,353257.344,584743.012,410.434
S3_01486,459631.150,439287.109,321.718
S3_01487,401435.177,583054.235,422.949
S3_01488,407523.757,579667.337,460.836
S3_01489,425741.753,572118.682,373.890
S3_01490,457903.711,478909.839,266.705
S3_01491,460598.512,407058.423,323.890
S3_01492,477432.491,230352.837,69.178
S3_01493,483491.020,290263.841,354.949
S3_01494,456751.966,478516.387,412.815
S3_01495,457749.357,458381.517,111.094
S3_01496,457572.629,484711.667,448.647
S3_01497,457056.321,457074.914,402.326
S3_01498,422301.808,573719.783,365.131
S3_01499,481374.842,324892.486,273.957
S3_01500,447687.263,562867.675,427.789
S3_01501,367527.924,585087.307,290.001
S3_01502,460277.719,406528.767,266.577
S3_01503,430933.470,569793.926,579.107
S3_01504,456265.605,530777.508,102.128
S3_01505,474794.195,355293.926,554.912
S3_01506,464992.237,385617.473,202.321
S3_01507,484758.321,305919.083,509.141
S3_01508,454836.029,550891.042,69.386
S3_01509,478221.576,333272.245,445.671
S3_01510,454962.775,546112.294,578.748
S3_01511,479753.928,249814.958,353.488
S3_01512,485367.767,313822.393,231.998
S3_01513,475902.647,212085.902,207.288
S3_01514,348045.716,583561.051,205.460
S3_01515,482286.396,318807.023,520.521
S3_01516,484272.880,296939.367,516.137
S3_01517,459160.418,447171.752,113.379
S3_01518,477815.102,342437.898,466.501
S3_01519,453992.366,560898.010,501.274
S3_01520,481032.825,323114.412,258.756
S3_01521,457875.567,483259.828,356.552
S3_01522,455179.233,555179.041,337.423
S3_01523,377505.315,585886.434,475.871
S3_01524,337646.436,584335.444,191.610
S3_01525,345313.912,583451.165,549.121
S3_01526,459416.924,423526.728,560.235
S3_01527,478846.700,240080.245,339.907
S3_01528,458284.790,466461.099,252.001
S3_01529,480509.147,247321.041,69.348
S3_01530,477480.623,236552.261,96.803
S3_01531,348304.416,585984.055,265.735
S3_01532,431172.361,570533.271,102.278
S3_01533,457822.386,466926.474,599.424
S3_01534,463220.642,396252.052,127.232
S3_01535,483071.520,296236.267,328.507
S3_01536,449875.010,560421.612,510.283
S3_01537,371321.939,585001.394,455.199
S3_01538,481162.518,323932.998,196.857
S3_01539,458250.252,441554.462,167.303
S3_01540,466706.327,387284.328,564.574
S3_01541,455867.790,510275.924,350.687
S3_01542,482064.718,282949.601,400.115
S3_01543,456314.275,495589.400,342.551
S3_01544,457899.923,441880.774,553.262
S3_01545,479029.189,327092.110,307.500
S3_01546,481211.576,256455.745,153.406
S3_01547,481427.297,266087.514,535.277
S3_01548,443318.379,564562.354,236.198
S3_01549,456584.740,501459.944,142.739
S3_01550,455707.397,545745.516,257.676
S3_01551,482844.558,291767.707,566.062
S3_01552,395301.243,586425.223,78.776
S3_01553,460031.675,424181.863,273.793
S3_01554,458539.607,424813.495,307.840
S3_01555,357358.269,584632.612,530.500
S3_01556,456549.590,514092.701,145.463
S3_01557,476805.180,226872.457,594.904
S3_01558,482568.556,283247.392,205.114
S3_01559,460064.306,406839.391,341.499
S3_01560,452159.893,562033.940,244.625
S3_01561,458145.683,409753.056,121.667
S3_01562,456318.659,508374.805,150.755
S3_01563,477529.975,224743.014,523.381
S3_01564,422648.129,574727.943,317.040
S3_01565,346355.179,585959.119,162.891
S3_01566,475966.089,210694.890,322.781
S3_01567,455134.521,536320.229,495.946
S3_01568,447168.832,561814.042,549.535
S3_01569,459266.079,432653.374,141.398
S3_01570,451680.584,560474.494,353.547
S3_01571,462433.729,401838.510,542.141
S3_01572,466427.015,386662.647,204.369
S3_01573,458994.391,438529.769,430.126
S3_01574,457581.756,507493.327,242.214
S3_01575,381001.547,584352.388,102.721
S3_01576,369565.343,585441.110,225.775
S3_01577,476344.897,208502.414,400.757
S3_01578,476089.545,224178.405,493.508
S3_01579,458830.944,444184.492,331.482
S3_01580,376761.758,586229.801,112.037
S3_01581,472632.525,361548.749,439.353
S3_01582,473714.968,350115.447,164.985
S3_01583,419656.936,575254.022,547.280
S3_01584,458038.356,489699.742,530.443
S3_01585,481542.044,274970.647,296.782
S3_01586,457971.154,427538.510,268.959
S3_01587,458684.016,459196.558,354.976
S3_01588,457500.704,467963.221,235.520
S3_01589,460163.267,414629.317,453.999
S3_01590,478508.514,240204.169,432.990
S3_01591,456514.938,515154.565,287.391
S3_01592,476057.177,219472.270,446.605
S3_01593,352110.590,584107.410,363.967
S3_01594,359787.416,583857.072,482.194
S3_01595,428965.844,571051.757,521.488
S3_01596,473400.344,357946.131,500.892
S3_01597,336982.449,584763.353,174.763
S3_01598,373021.892,584659.928,499.466
S3_01599,465655.885,389137.311,359.009
S3_01600,424595.239,571936.716,585.238
S3_01601,458200.377,467925.413,367.268
S3_01602,404464.571,581661.804,178.054
S3_01603,456193.832,533130.173,269.739
S3_01604,459746.327,411891.515,504.068
S3_01605,483143.574,287428.990,505.041
S3_01606,483794.546,299740.097,100.898
S3_01607,372178.707,585624.605,262.317
S3_01608,471167.261,358116.149,301.797
S3_01609,458348.587,466534.874,354.714
S3_01610,374016.420,584366.837,366.523
S3_01611,473461.600,358576.195,548.010
S3_01612,468319.980,376411.126,320.394
S3_01613,458950.954,439607.195,576.266
S3_01614,479097.322,333155.716,239.375
S3_01615,393354.990,583760.321,487.022
S3_01616,457281.591,508673.606,498.433
S3_01617,416901.871,576279.300,363.613
S3_01618,481584.417,268409.708,277.014
S3_01619,451450.550,560528.734,115.870
S3_01620,480115.125,331872.714,86.039
S3_01621,462023.092,400292.494,418.644
S3_01622,479996.325,245090.510,153.169
S3_01623,456201.229,559536.948,534.236
S3_01624,478522.637,340023.618,129.042
S3_01625,427493.382,571908.063,165.021
S3_01626,479193.595,264711.308,453.175
S3_01627,457746.941,483710.388,446.318
S3_01628,475520.391,212621.860,483.938
S3_01629,481521.580,262083.418,186.809
S3_01630,455421.107,490065.760,452.667
S3_01631,461149.008,402383.467,457.090
S3_01632,455744.346,542716.152,263.651
S3_01633,462949.150,397840.946,94.526
S3_01634,355449.761,584215.151,410.859
S3_01635,483019.075,318061.786,553.588
S3_01636,455822.937,529376.557,429.166
S3_01637,475457.838,213796.856,63.346
S3_01638,422119.845,574949.728,310.165
S3_01639,458368.042,447687.968,545.456
S3_01640,365635.112,584085.714,440.517
S3_01641,475707.409,346050.633,345.495
S3_01642,478503.788,335635.483,108.282
S3_01643,471117.272,358156.024,122.215
S3_01644,483489.515,292128.030,78.947
S3_01645,456100.631,497048.212,332.907
S3_01646,480568.723,329212.850,76.814
S3_01647,478009.948,230383.774,475.936
S3_01648,471693.786,360348.074,132.915
S3_01649,481159.458,262843.846,342.484
S3_01650,475020.638,205364.776,228.294
S3_01651,458094.584,444882.070,524.210
S3_01652,455898.750,512928.667,554.416
S3_01653,480953.011,255039.108,165.501
S3_01654,333298.232,584764.494,324.693
S3_01655,467149.480,378238.620,98.172
S3_01656,482668.598,290885.114,129.414
S3_01657,479577.259,331990.050,138.080
S3_01658,473290.565,360796.106,441.569
S3_01659,476919.593,231563.722,204.697
S3_01660,481983.205,268751.353,474.403
S3_01661,457919.396,471113.504,216.255
S3_01662,479227.392,261601.803,140.216
S3_01663,360370.668,585112.277,512.490
S3_01664,456218.131,538468.765,498.411
S3_01665,467501.682,373558.685,304.210
S3_01666,459269.234,432918.972,427.889
S3_01667,479897.315,262123.711,498.156
S3_01668,457238.526,493938.472,358.632
S3_01669,355205.540,585081.574,194.889
S3_01670,481942.732,276520.342,233.255
S3_01671,458996.699,458393.558,508.844
S3_01672,413254.901,578418.809,477.839
S3_01673,465917.504,379317.597,134.038
S3_01674,402896.753,582779.920,209.420
S3_01675,422457.708,573583.033,121.318
S3_01676,432797.063,570517.941,484.430
S3_01677,458751.828,485900.943,444.701
S3_01678,481290.298,321484.642,463.772
S3_01679,477992.457,244588.521,249.362
S3_01680,347276.532,586199.732,424.344
S3_01681,469543.553,363081.888,444.320
S3_01682,459384.514,421202.345,431.835
S3_01683,457816.754,468505.495,592.118
S3_01684,451082.292,561716.924,222.926
S3_01685,480012.927,254591.506,316.465
S3_01686,476671.801,219840.066,151.550
S3_01687,480066.039,259082.204,518.907
S3_01688,468227.809,377145.756,437.009
S3_01689,455474.336,486865.951,191.909
S3_01690,355818.286,584202.836,236.175
S3_01691,453936.245,555514.459,382.276
S3_01692,478135.222,240845.881,596.788
S3_01693,468216.759,371158.848,361.538
S3_01694,456478.742,525851.030,438.605
S3_01695,477044.450,343096.435,580.136
S3_01696,458900.628,411764.826,178.144
S3_01697,426657.599,572562.857,98.634
S3_01698,409046.139,580092.186,190.869
S3_01699,459853.215,428036.867,239.889
S3_01700,464949.317,388974.581,483.911
S3_01701,456181.432,510540.524,597.577
S3_01702,415842.045,576299.529,79.151
S3_01703,421009.489,574367.526,227.008
S3_01704,475815.501,343229.479,280.746
S3_01705,418859.640,573939.254,215.459
S3_01706,427789.868,569865.818,415.332
S3_01707,459191.131,450333.872,418.488
S3_01708,477233.035,340243.921,420.698
S3_01709,459176.570,406687.333,118.266
S3_01710,455426.158,544327.676,202.547
S3_01711,456706.076,468525.877,365.858
S3_01712,478785.980,243142.454,259.109
S3_01713,467996.024,368425.426,236.576
S3_01714,483367.666,296390.868,353.673
S3_01715,475957.992,346071.388,212.713
S3_01716,455303.947,557511.212,367.226
S3_01717,476758.344,224917.372,460.091
S3_01718,477177.463,231345.427,296.003
S3_01719,454500.337,536333.774,393.167
S3_01720,474686.773,349781.170,114.689
S3_01721,481691.283,269632.835,597.604
S3_01722,459380.953,442471.050,281.771
S3_01723,389097.041,584212.459,90.507
S3_01724,402055.017,583643.786,503.045
S3_01725,480673.752,249734.768,181.620
S3_01726,421696.436,572967.643,300.097
S3_01727,454193.511,542025.559,550.156
S3_01728,421831.649,573831.293,558.666
S3_01729,421540.999,574346.662,473.165
S3_01730,471987.825,357698.610,228.021
S3_01731,458078.138,422446.786,530.902
S3_01732,458725.306,418315.174,366.823
S3_01733,416263.361,576923.067,173.934
S3_01734,461492.197,415865.180,67.221
S3_01735,476031.690,205341.621,510.191
S3_01736,476035.547,213905.178,243.671
S3_01737,465971.469,382593.567,70.102
S3_01738,480282.564,254522.998,561.405
S3_01739,458154.751,469265.118,208.148
S3_01740,416375.915,576159.502,146.349
S3_01741,448666.295,563466.713,512.081
S3_01742,484192.925,314581.554,194.643
S3_01743,459809.147,411281.866,582.929
S3_01744,458061.841,474622.565,345.909
S3_01745,463157.324,395585.849,258.454
S3_01746,468782.148,368597.255,216.097
S3_01747,483243.606,290591.875,259.475
S3_01748,458924.317,446948.345,568.508
S3_01749,457778.233,488312.204,198.440
S3_01750,476056.217,347233.186,192.404
S3_01751,457784.387,500995.486,412.478
S3_01752,342524.365,585171.390,117.146
S3_01753,456533.430,496684.319,119.334
S3_01754,425251.160,572246.331,344.521
S3_01755,482314.542,292212.009,322.461
S3_01756,478890.016,336406.157,552.962
S3_01757,473632.321,354032.178,87.346
S3_01758,459536.357,432114.287,596.912
S3_01759,476763.055,343359.343,353.365
S3_01760,479449.757,332578.511,238.491
S3_01761,456776.366,486083.638,138.120
S3_01762,459946.958,414457.936,176.147
S3_01763,458153.642,474551.846,210.077
S3_01764,440219.756,566605.615,487.027
S3_01765,459993.230,423472.504,541.163
S3_01766,456766.586,464197.744,110.577
S3_01767,457556.550,458341.802,439.871
S3_01768,479500.083,256011.650,148.701
S3_01769,482295.239,278892.915,308.515
S3_01770,478551.447,335719.000,117.709
S3_01771,436553.428,567462.564,380.176
S3_01772,373363.887,585834.133,244.675
S3_01773,459761.437,419099.058,60.757
S3_01774,458880.924,461786.500,485.657
S3_01775,458452.865,455482.877,405.855
S3_01776,457921.876,450802.104,456.580
S3_01777,458690.753,425538.940,178.017
S3_01778,484694.598,315000.261,496.247
S3_01779,482218.493,278734.749,227.117
S3_01780,363391.522,584648.739,477.965
S3_01781,459367.155,429530.680,84.944
S3_01782,455463.722,542736.032,90.631
S3_01783,481464.541,326844.094,85.502
S3_01784,479718.139,329474.088,211.756
S3_01785,471004.856,362074.043,158.888
S3_01786,399597.999,582857.268,332.918
S3_01787,442596.819,564733.221,128.757
S3_01788,455338.426,552964.390,67.384
S3_01789,459722.918,405681.596,321.600
S3_01790,367065.736,584494.870,121.397
S3_01791,425569.358,571998.311,381.348
S3_01792,425752.618,571868.549,392.691
S3_01793,457861.219,466833.403,478.420
S3_01794,470394.738,366205.168,483.099
S3_01795,449036.259,562576.318,325.897
S3_01796,391319.603,585743.389,474.227
S3_01797,458169.412,463000.223,399.266
S3_01798,420679.139,575353.542,588.949
S3_01799,430825.673,569276.855,522.911
S3_01800,457388.110,511367.311,103.058
S3_01801,465154.933,387679.103,270.407
S3_01802,458535.366,453591.894,201.198
S3_01803,432362.711,568763.034,414.876
S3_01804,459438.976,420092.222,574.087
S3_01805,479196.596,248566.234,554.134
S3_01806,459460.175,413611.440,588.960
S3_01807,477493.625,336254.407,341.563
S3_01808,460488.722,395164.720,261.415
S3_01809,357366.021,584865.992,353.640
S3_01810,342534.150,583963.084,72.993
S3_01811,481667.777,254687.873,312.090
S3_01812,478101.143,235054.868,158.741
S3_01813,455887.113,481716.283,102.597
S3_01814,384992.698,586478.176,66.135
S3_01815,361313.166,584819.795,388.457
S3_01816,426249.921,573923.807,594.094
S3_01817,355736.755,585469.318,407.418
S3_01818,417389.228,575096.344,433.276
S3_01819,462323.784,400599.549,234.671
S3_01820,466329.427,374035.370,410.102
S3_01821,414564.394,577086.097,97.592
S3_01822,465765.709,385603.287,340.955
S3_01823,387928.337,584149.366,475.699
S3_01824,478606.285,234277.650,550.640
S3_01825,456989.371,487326.826,332.231
S3_01826,481744.891,279651.411,399.012
S3_01827,373864.421,584181.891,159.828
S3_01828,476468.852,230938.665,465.595
S3_01829,458454.994,458083.159,489.132
S3_01830,467115.753,381721.683,473.393
S3_01831,465808.087,381465.704,159.105
S3_01832,459780.825,420069.875,239.012
S3_01833,479562.059,242990.983,257.839
S3_01834,483293.351,285280.900,66.272
S3_01835,474334.153,352698.583,407.596
S3_01836,347202.633,584800.464,86.739
S3_01837,458152.218,511386.200,227.438
S3_01838,459096.048,428311.450,553.078
S3_01839,457128.996,534731.542,248.624
S3_01840,483700.941,288057.175,448.116
S3_01841,455278.390,500661.212,542.362
S3_01842,348672.557,584888.833,259.086
S3_01843,439518.735,566792.524,399.194
S3_01844,471115.274,363563.501,499.253
S3_01845,443313.771,566023.514,409.000
S3_01846,412236.129,577479.643,310.861
S3_01847,477515.513,338333.593,371.560
S3_01848,459835.890,419209.698,385.759
S3_01849,459052.596,460692.055,389.292
S3_01850,458332.678,427143.535,454.540
S3_01851,459826.711,449379.251,531.661
S3_01852,481834.507,321391.817,364.634
S3_01853,410109.469,577504.893,547.445
S3_01854,457371.216,485293.418,580.603
S3_01855,432721.091,569632.822,249.596
S3_01856,479422.542,260442.464,349.330
S3_01857,461498.722,401112.556,343.712
S3_01858,455783.192,522580.798,452.921
S3_01859,477618.621,233450.731,305.683
S3_01860,364341.391,584768.608,554.424
S3_01861,457606.916,501309.955,311.033
S3_01862,455643.358,555666.077,161.992
S3_01863,484064.054,311555.641,493.597
S3_01864,474772.193,344939.667,594.222
S3_01865,416954.536,575099.783,447.272
S3_01866,478025.711,337177.854,470.417
S3_01867,471772.054,359392.618,267.566
S3_01868,393949.971,584319.972,458.512
S3_01869,477665.419,231401.758,414.410
S3_01870,434789.556,570077.143,66.199
S3_01871,360611.412,584959.688,348.499
S3_01872,482071.611,280618.077,507.158
S3_01873,478098.189,338850.858,497.738
S3_01874,457586.051,495749.452,81.349
S3_01875,442074.055,565827.079,235.866
S3_01876,455406.756,540112.345,428.393
S3_01877,405374.426,580285.079,590.245
S3_01878,355962.351,584834.445,98.908
S3_01879,457802.096,494352.379,597.767
S3_01880,479999.181,264838.071,307.342
S3_01881,404917.919,579783.690,551.192
S3_01882,484761.776,299878.423,428.290
S3_01883,481155.307,287845.892,384.827
S3_01884,458997.742,427867.572,372.082
S3_01885,475135.721,210053.985,598.381
S3_01886,351926.846,585098.287,579.610
S3_01887,337932.662,584519.860,420.365
S3_01888,468386.029,370451.995,101.625
S3_01889,482514.109,284280.429,140.451
S3_01890,455080.005,536607.900,327.028
S3_01891,455967.905,522807.413,313.135
S3_01892,458509.674,483400.657,79.426
S3_01893,483383.838,296345.015,517.275
S3_01894,478455.295,236573.857,297.787
S3_01895,407635.542,579326.441,413.649
S3_01896,458343.434,459961.891,525.314
S3_01897,475250.992,213808.334,226.819
S3_01898,482993.042,288571.436,304.197
S3_01899,459273.986,439511.273,347.850
S3_01900,468062.386,375548.344,399.314
S3_01901,455483.736,551810.950,75.669
S3_01902,460495.800,419569.819,525.161
S3_01903,482944.426,285786.843,395.662
S3_01904,460448.131,419929.861,593.500
S3_01905,464995.361,388463.457,155.616
S3_01906,482267.928,289677.757,132.973
S3_01907,473705.524,355396.448,346.052
S3_01908,365242.946,585825.310,116.819
S3_01909,454987.012,525283.563,582.732
S3_01910,424594.377,570430.522,179.271
S3_01911,458694.180,454697.392,221.134
S3_01912,455461.492,555194.476,193.493
S3_01913,465305.025,385408.658,101.057
S3_01914,368873.292,585746.947,564.092
S3_01915,458117.776,534536.580,334.786
S3_01916,465021.133,384357.095,80.125
S3_01917,481441.189,275419.098,426.836
S3_01918,480478.428,255102.079,216.328
S3_01919,336515.462,585444.753,341.318
S3_01920,409383.907,578455.332,120.343
S3_01921,461641.160,392452.175,180.348
S3_01922,456619.753,502024.773,63.442
S3_01923,455838.361,505191.953,428.855
S3_01924,388144.575,585440.123,228.799
S3_01925,440345.563,565352.791,296.070
S3_01926,456579.680,525478.390,329.557
S3_01927,457172.703,465276.037,126.084
S3_01928,457823.164,446002.852,242.620
S3_01929,422595.915,573935.534,203.818
S3_01930,468724.349,367740.427,218.924
S3_01931,458631.356,437605.800,591.098
S3_01932,459279.775,423055.317,119.755
S3_01933,457258.632,487613.949,228.619
S3_01934,352870.649,585100.552,323.309
S3_01935,456546.491,476631.347,108.929
S3_01936,360058.071,585142.482,577.988
S3_01937,458531.030,491483.664,182.838
S3_01938,457581.809,478470.958,181.697
S3_01939,478977.508,253952.205,566.634
S3_01940,457677.839,464199.976,534.615
S3_01941,462963.637,397567.507,91.906
S3_01942,397746.921,583831.555,400.672
S3_01943,459308.989,426900.559,61.607
S3_01944,460409.918,430902.220,587.679
S3_01945,373742.109,585466.992,421.144
S3_01946,343611.248,585510.948,417.405
S3_01947,458554.384,454902.036,449.615
S3_01948,457114.182,498021.459,86.698
S3_01949,476483.126,341943.609,350.758
S3_01950,455460.827,541999.571,69.949
S3_01951,459050.901,429112.385,487.958
S3_01952,407146.926,580432.065,459.505
S3_01953,352752.634,584487.882,291.321
S3_01954,463962.285,388940.574,122.772
S3_01955,457154.736,501554.750,506.368
S3_01956,427484.053,573020.306,139.922
S3_01957,464371.998,387457.870,148.268
S3_01958,478966.325,336773.183,173.370
S3_01959,439673.101,566704.615,566.308
S3_01960,455894.324,503133.379,320.886
S3_01961,420842.092,574497.355,195.218
S3_01962,475865.873,228711.370,422.497
S3_01963,387759.645,584400.535,448.436
S3_01964,459014.119,465990.431,113.193
S3_01965,457216.358,503068.284,81.300
S3_01966,476660.421,214524.695,536.516
S3_01967,483432.527,316771.855,107.145
S3_01968,478093.732,340542.217,94.646
S3_01969,482967.479,296784.939,471.225
S3_01970,474978.029,217159.582,459.536
S3_01971,384567.616,585961.338,476.106
S3_01972,454825.692,534252.814,184.480
S3_01973,470658.848,366787.285,356.023
S3_01974,457517.845,481014.219,519.743
S3_01975,446494.304,563059.948,273.835
S3_01976,460506.496,404510.750,241.921
S3_01977,407472.742,579997.184,326.955
S3_01978,411177.485,578794.091,468.411
S3_01979,478142.517,251117.569,573.680
S3_01980,479126.505,249022.311,521.919
S3_01981,454263.509,556786.418,121.366
S3_01982,484062.788,302150.578,127.871
S3_01983,454168.961,552618.800,288.084
S3_01984,443039.263,563924.947,139.214
S3_01985,458518.747,461511.157,539.820
S3_01986,478337.156,234965.942,493.899
S3_01987,455492.890,471917.001,61.000
S3_01988,458450.644,428199.231,332.395
S3_01989,478169.663,233988.471,388.604
S3_01990,458709.424,432670.549,121.916
S3_01991,455590.579,544762.930,363.460
S3_01992,455785.768,534987.428,121.456
S3_01993,456148.573,517587.378,596.174
S3_01994,385656.986,583884.935,143.617
S3_01995,457753.946,473897.237,462.762
S3_01996,480836.085,267601.292,565.003
S3_01997,478358.388,245073.950,93.860
S3_01998,455257.001,530553.496,124.921
S3_01999,480207.366,328311.833,545.720
S3_02000,481142.801,271676.786,462.955
S3_02001,483992.553,287034.446,125.342
S3_02002,480563.248,330351.042,490.075
S3_02003,431098.051,570854.897,417.914
S3_02004,477513.926,225025.451,567.415
S3_02005,427730.289,571904.256,229.740
S3_02006,457076.436,543320.470,211.665
S3_02007,454621.253,559670.551,360.028
S3_02008,460786.050,404836.800,447.444
S3_02009,485499.436,312804.235,570.651
S3_02010,455810.591,540345.670,427.656
S3_02011,460002.904,421325.498,377.249
S3_02012,352556.196,584726.864,356.380
S3_02013,482689.644,283048.177,505.130
S3_02014,457571.434,472195.344,248.094
S3_02015,369303.796,584170.451,272.511
S3_02016,458476.533,430765.121,97.333
S3_02017,474185.344,353197.800,89.747
S3_02018,409276.918,580262.892,213.024
S3_02019,407587.484,580728.122,482.463
S3_02020,435769.879,568215.035,466.323
S3_02021,421885.024,574087.846,170.257
S3_02022,470139.593,363624.347,521.705
S3_02023,432146.046,570462.343,140.081
S3_02024,485065.008,308936.656,178.709
S3_02025,476785.066,227404.749,598.639
S3_02026,457917.401,483014.035,473.174
S3_02027,479308.071,259443.861,260.303
S3_02028,409356.639,578868.307,192.391
S3_02029,457838.600,480669.692,374.719
S3_02030,483311.749,284659.708,467.332
S3_02031,477693.697,227922.136,593.884
S3_02032,454911.188,543951.187,329.748
S3_02033,483047.965,317639.193,341.478
S3_02034,440676.644,566592.036,254.414
S3_02035,478471.742,235546.332,599.029
S3_02036,485092.404,310670.802,265.609
S3_02037,484607.362,316482.688,473.490
S3_02038,370610.020,584383.973,327.686
S3_02039,467129.622,377288.886,214.340
S3_02040,457799.965,473843.110,158.159
S3_02041,478166.011,226897.714,340.850
S3_02042,386989.784,584767.217,162.760
S3_02043,438369.131,567044.457,257.133
S3_02044,478899.047,247778.255,279.545
S3_02045,477572.217,227683.304,298.369
S3_02046,479133.444,239712.437,496.912
S3_02047,479467.126,335864.067,585.938
S3_02048,473600.346,351509.346,272.104
S3_02049,447659.186,561939.972,396.943
S3_02050,484927.241,314764.143,562.869
S3_02051,473515.180,348885.906,439.285
S3_02052,483270.811,293584.646,248.022
S3_02053,482074.676,323441.337,392.662
S3_02054,457247.220,499385.260,279.887
S3_02055,477396.427,234866.259,163.909
S3_02056,482078.163,328277.458,564.785
S3_02057,480798.564,329645.324,590.668
S3_02058,454878.266,559826.482,150.704
S3_02059,479521.657,235408.533,300.575
S3_02060,410763.346,578998.973,345.231
S3_02061,456651.024,442026.861,171.459
S3_02062,454429.030,536149.962,453.328
S3_02063,457717.941,465028.488,66.873
S3_02064,454254.711,561272.104,270.568
S3_02065,478375.922,246693.819,383.802
S3_02066,457016.966,470103.828,261.792
S3_02067,475440.585,215733.657,465.551
S3_02068,395352.175,583780.415,210.712
S3_02069,346442.728,585310.421,162.769
S3_02070,459133.389,437520.277,75.130
S3_02071,472508.853,351507.927,362.223
S3_02072,374066.539,585732.562,97.055
S3_02073,476641.258,223121.641,126.140
S3_02074,352782.391,585870.632,179.219
S3_02075,482455.248,287486.428,205.507
S3_02076,441607.469,566058.000,530.512
S3_02077,460789.150,407672.259,373.233
S3_02078,480582.753,265368.655,264.044
S3_02079,470545.563,364562.270,587.425
S3_02080,458928.437,440175.802,511.849
S3_02081,399880.373,583383.379,549.786
S3_02082,388480.803,584592.760,350.779
S3_02083,367633.222,585542.001,575.698
S3_02084,454610.946,548464.527,457.533
S3_02085,350597.899,585116.383,215.818
S3_02086,455062.762,521463.974,279.234
S3_02087,457010.995,494459.682,565.261
S3_02088,483892.637,293005.000,542.717
S3_02089,470412.266,363728.679,121.428
S3_02090,472034.894,357266.920,503.004
S3_02091,456152.436,507127.655,164.057
S3_02092,455685.784,525975.503,301.438
S3_02093,456448.303,515294.683,359.151
S3_02094,418401.443,575271.916,411.390
S3_02095,478378.511,226770.001,412.510
S3_02096,477382.007,229949.378,345.947
S3_02097,344165.492,583494.538,582.483
S3_02098,460210.161,425372.770,455.900
S3_02099,465866.938,383147.656,522.473
S3_02100,485267.803,308387.779,103.292
S3_02101,458985.983,442707.401,126.620
S3_02102,456087.129,527685.461,403.674
S3_02103,481000.997,274919.713,385.707
S3_02104,455434.358,545355.147,66.067
S3_02105,458192.954,503668.119,256.362
S3_02106,477511.214,231496.782,532.784
S3_02107,479585.225,259611.559,101.655
S3_02108,476537.473,341005.355,205.993
S3_02109,476777.225,223835.936,153.792
S3_02110,477685.980,233315.430,442.974
S3_02111,475189.321,210404.336,550.047
S3_02112,474339.381,351266.946,553.716
S3_02113,395587.277,585453.531,572.587
S3_02114,459734.487,404131.380,80.791
S3_02115,454896.621,549907.806,524.271
S3_02116,464589.381,386642.640,336.066
S3_02117,476505.735,221424.231,436.166
S3_02118,458274.036,466710.080,335.952
S3_02119,481378.817,269777.701,245.911
S3_02120,480139.669,264302.166,198.512
S3_02121,475859.373,343448.177,448.744
S3_02122,482542.984,322654.476,202.659
S3_02123,463085.565,400069.398,195.020
S3_02124,452895.041,560959.336,67.831
S3_02125,483767.298,317284.446,150.409
S3_02126,475996.996,219708.410,595.284
S3_02127,484411.661,298050.307,117.296
S3_02128,463888.111,392064.511,227.280
S3_02129,481021.672,266165.128,140.647
S3_02130,460955.695,423225.202,184.957
S3_02131,455208.000,541355.930,297.962
S3_02132,455431.388,534839.468,372.913
S3_02133,478639.613,233766.655,286.311
S3_02134,459373.541,488607.981,98.652
S3_02135,484599.494,312116.586,94.948
S3_02136,476577.953,342927.842,89.304
S3_02137,455289.826,548046.305,306.467
S3_02138,376291.335,584638.504,363.995
S3_02139,410569.001,578910.905,146.956
S3_02140,456161.849,520660.232,235.599
S3_02141,465368.846,383763.386,574.445
S3_02142,482751.560,276150.232,305.479
S3_02143,375337.585,584712.638,261.241
S3_02144,484347.743,313152.126,133.243
S3_02145,456867.474,497074.134,319.910
S3_02146,365561.206,585767.545,78.044
S3_02147,474644.081,348201.850,296.825
S3_02148,434450.513,568048.929,117.107
S3_02149,392061.474,584972.368,161.310
S3_02150,408333.102,581414.905,533.882
S3_02151,400265.707,582154.136,340.440
S3_02152,479535.228,328878.391,494.003
S3_02153,457975.822,517569.726,124.694
S3_02154,398628.641,582748.164,316.552
S3_02155,483228.714,292577.013,163.830
S3_02156,456001.255,534018.718,508.923
S3_02157,479663.718,254178.881,448.002
S3_02158,445950.227,563458.852,582.475
S3_02159,388316.218,584538.742,554.010
S3_02160,460264.688,432445.769,111.376
S3_02161,477140.484,229130.224,454.518
S3_02162,481683.027,271262.512,251.441
S3_02163,475135.001,224060.098,85.272
S3_02164,475235.293,348171.323,308.112
S3_02165,366949.282,586094.052,306.336
S3_02166,471842.120,357108.900,467.948
S3_02167,390595.585,586736.298,537.347
S3_02168,461719.339,396606.003,420.622
S3_02169,460401.670,409510.026,160.991
S3_02170,456135.750,521467.344,392.849
S3_02171,456756.158,536033.630,516.589
S3_02172,469595.574,370999.605,132.046
S3_02173,468838.983,374431.873,504.403
S3_02174,455226.659,534634.591,125.064
S3_02175,455690.905,521804.139,220.067
S3_02176,458084.111,429946.044,436.051
S3_02177,412904.509,578034.136,354.956
S3_02178,394832.666,584254.580,139.050
S3_02179,414524.224,576832.538,551.180
S3_02180,455339.709,535898.328,157.298
S3_02181,456887.754,521613.310,133.671
S3_02182,473476.473,356453.739,136.622
S3_02183,456466.907,497170.496,279.113
S3_02184,474196.626,349307.908,304.989
S3_02185,456368.040,479216.042,170.136
S3_02186,458392.349,433003.455,236.479
S3_02187,477474.865,227987.321,506.149
S3_02188,481754.815,325503.302,537.176
S3_02189,455385.298,493211.790,421.426
S3_02190,456410.802,507232.316,383.931
S3_02191,455068.467,518815.301,497.560
S3_02192,410388.008,579087.189,160.077
S3_02193,458700.271,471889.998,118.527
S3_02194,456338.675,527359.327,563.900
S3_02195,468669.415,376994.921,191.116
S3_02196,463937.210,389874.942,433.636
S3_02197,457731.606,455497.761,573.319
S3_02198,455697.975,510612.031,579.997
S3_02199,459301.803,410628.416,303.480
S3_02200,404278.901,580536.439,151.465
S3_02201,484562.694,302293.924,362.645
S3_02202,457803.905,471779.364,424.720
S3_02203,406941.782,581352.987,67.358
S3_02204,455532.961,535142.705,473.347
S3_02205,459116.591,464578.930,594.162
S3_02206,479389.519,252913.776,419.546
S3_02207,458590.680,467968.958,536.825
S3_02208,474829.812,350873.088,246.393
S3_02209,363954.841,585831.364,258.630
S3_02210,454688.498,559425.522,473.163
S3_02211,363983.684,586027.247,450.580
S3_02212,472834.882,356461.926,570.469
S3_02213,456906.401,491930.876,167.965
S3_02214,446876.526,562999.835,561.941
S3_02215,457131.147,508110.848,480.776
S3_02216,461790.011,400990.684,118.876
S3_02217,395390.727,583581.646,73.375
S3_02218,470829.826,360061.049,472.783
S3_02219,356212.568,585572.865,424.369
S3_02220,456571.175,540171.042,502.076
S3_02221,459506.855,411889.080,521.915
S3_02222,480767.549,328960.627,235.299
S3_02223,455102.817,553272.432,351.967
S3_02224,479382.374,259585.325,180.850
S3_02225,457677.177,515694.234,361.577
S3_02226,456174.928,488715.034,68.159
S3_02227,482057.213,323280.945,255.516
S3_02228,480675.768,265863.281,526.117
S3_02229,471327.787,360181.881,63.750
S3_02230,416837.541,576453.115,269.866
S3_02231,478343.565,234596.791,584.162
S3_02232,457564.722,493422.196,404.446
S3_02233,456293.834,484543.300,239.777
S3_02234,479178.245,237662.255,237.684
S3_02235,456067.589,513661.968,148.581
S3_02236,363689.863,584381.212,507.179
S3_02237,480349.880,331531.399,422.663
S3_02238,477909.358,234069.039,76.106
S3_02239,457818.756,470845.211,433.231
S3_02240,379939.712,584149.374,325.186
S3_02241,478737.491,329036.497,383.048
S3_02242,359571.138,586266.527,586.682
S3_02243,386446.525,585742.558,62.431
S3_02244,463901.868,395085.184,434.723
S3_02245,482736.949,283677.574,191.644
S3_02246,424192.035,574364.938,473.535
S3_02247,470159.312,368345.817,141.077
S3_02248,477721.406,342572.470,458.153
S3_02249,480081.287,268549.766,593.285
S3_02250,382159.734,585843.281,89.311
S3_02251,457374.421,465780.742,582.753
S3_02252,400763.778,582225.557,366.545
S3_02253,374392.946,583860.075,498.242
S3_02254,465505.912,381395.272,596.763
S3_02255,464213.257,384813.875,151.142
S3_02256,481183.156,326123.513,445.802
S3_02257,478860.153,333110.691,123.911
S3_02258,454878.912,553916.771,222.087
S3_02259,427770.887,572543.588,302.615
S3_02260,474160.055,213926.629,225.783
S3_02261,457538.565,472813.372,421.394
S3_02262,474719.705,347818.239,500.119
S3_02263,479399.683,258993.941,219.138
S3_02264,458427.709,451371.023,579.063
S3_02265,442816.514,564787.527,78.812
S3_02266,456864.638,504486.200,350.941
S3_02267,458271.035,489599.200,421.186
S3_02268,389533.064,583981.162,197.844
S3_02269,455088.563,540830.429,329.793
S3_02270,458493.598,457432.908,463.242
S3_02271,455795.561,552533.699,419.231
S3_02272,476312.436,341416.126,391.509
S3_02273,482678.495,321733.636,236.250
S3_02274,458965.348,471623.090,523.438
S3_02275,456734.098,506664.605,128.058
S3_02276,482207.369,268922.291,558.340
S3_02277,362763.642,586336.609,470.612
S3_02278,436648.043,568760.211,247.311
S3_02279,391232.435,584697.349,325.396
S3_02280,463852.872,387006.672,341.934
S3_02281,421629.034,573060.553,278.265
S3_02282,422889.892,574591.654,82.540
S3_02283,466626.003,378091.684,114.200
S3_02284,482536.028,277299.895,79.945
S3_02285,478239.817,235738.420,376.882
S3_02286,478155.551,233598.386,581.732
S3_02287,455431.189,546832.409,176.533
S3_02288,477273.318,336970.442,310.578
S3_02289,481064.581,269324.666,391.550
S3_02290,436349.969,567759.311,422.226
S3_02291,478536.508,234745.466,363.125
S3_02292,423764.683,574355.102,348.750
S3_02293,457621.363,480418.963,363.162
S3_02294,478593.080,333894.176,402.796
S3_02295,458847.245,468322.940,563.491
S3_02296,455769.115,521893.398,456.099
S3_02297,469284.136,369706.204,368.586
S3_02298,458410.306,470313.933,293.589
S3_02299,480825.766,330033.733,248.253
S3_02300,456615.121,496323.057,89.799
S3_02301,485190.235,307384.544,459.250
S3_02302,376093.922,584854.379,547.272
S3_02303,419205.367,574930.520,377.167
S3_02304,457891.705,451176.964,82.514
S3_02305,463015.278,394785.682,582.518
S3_02306,356312.654,583053.358,417.263
S3_02307,473962.787,358477.490,511.815
S3_02308,457443.959,453037.712,266.688
S3_02309,398316.879,582301.236,338.874
S3_02310,457831.939,491606.834,141.864
S3_02311,484689.800,300546.858,67.849
S3_02312,459758.605,406862.864,245.520
S3_02313,458652.903,413415.099,137.392
S3_02314,430990.138,568873.994,470.940
S3_02315,483417.502,310369.299,588.457
S3_02316,476186.696,218274.930,296.073
S3_02317,454735.656,559908.098,535.547
S3_02318,458296.519,490952.037,338.693
S3_02319,479896.860,249927.989,257.647
S3_02320,483530.152,286413.076,240.193
S3_02321,446412.158,563810.397,196.239
S3_02322,456473.373,466946.425,251.822
S3_02323,459723.388,435435.173,493.586
S3_02324,482887.829,318162.268,303.942
S3_02325,478802.386,334601.130,222.652
S3_02326,478034.691,334657.299,69.124
S3_02327,484771.289,307221.159,339.607
S3_02328,458917.183,466572.121,450.978
S3_02329,447216.321,562712.733,74.769
S3_02330,483942.311,286047.084,238.240
S3_02331,403576.650,584074.611,123.589
S3_02332,482876.464,290679.693,194.092
S3_02333,451669.398,561519.475,238.198
S3_02334,421840.763,574922.100,448.395
S3_02335,475349.150,212708.503,449.609
S3_02336,342856.015,586538.754,399.986
S3_02337,481102.715,325381.627,448.697
S3_02338,477461.025,235327.337,76.135
S3_02339,464196.005,388581.844,282.801
S3_02340,463623.420,391952.145,446.245
S3_02341,483067.553,318206.516,538.254
S3_02342,483452.524,316363.619,211.488
S3_02343,484231.965,318031.017,525.057
S3_02344,458115.980,455452.347,87.842
S3_02345,395040.452,585962.338,487.505
S3_02346,456566.508,512871.464,427.729
S3_02347,442287.567,565384.598,537.795
S3_02348,476845.939,342854.593,198.942
S3_02349,341581.901,585331.678,575.351
S3_02350,389470.092,584849.229,531.721
S3_02351,482465.403,291930.773,155.114
S3_02352,358512.018,584690.348,580.324
S3_02353,473251.576,341569.533,273.471
S3_02354,475481.353,213743.199,443.786
S3_02355,348884.203,585771.644,457.380
S3_02356,351184.488,585384.090,134.558
S3_02357,484539.928,288801.043,179.525
S3_02358,476113.671,210233.433,311.719
S3_02359,457795.376,488227.526,579.769
S3_02360,456576.166,504783.689,464.238
S3_02361,455907.809,521870.917,430.313
S3_02362,472746.514,353457.817,331.692
S3_02363,452999.791,561315.688,75.906
S3_02364,466158.463,384975.585,274.074
S3_02365,478386.729,239850.567,242.241
S3_02366,435569.730,567712.679,375.280
S3_02367,420348.172,574068.797,132.564
S3_02368,461170.302,398292.056,90.373
S3_02369,469482.931,371164.321,237.079
S3_02370,456364.497,553852.549,573.385
S3_02371,456198.618,508306.308,296.795
S3_02372,480273.073,257230.083,375.908
S3_02373,475865.848,214453.304,280.394
S3_02374,484943.072,307289.199,191.036
S3_02375,455011.124,543227.240,93.514
S3_02376,478408.225,333432.242,211.529
S3_02377,474019.915,205707.644,242.015
S3_02378,481172.369,278121.699,560.578
S3_02379,456216.494,537597.736,360.263
S3_02380,479043.219,245844.320,557.231
S3_02381,457711.269,479006.403,381.873
S3_02382,484497.488,289322.225,210.368
S3_02383,457174.226,521909.703,416.978
S3_02384,482645.810,289717.697,482.203
S3_02385,403064.283,582310.814,480.903
S3_02386,476183.724,223032.257,320.786
S3_02387,466011.918,384828.263,162.858
S3_02388,456588.954,463851.880,236.693
S3_02389,473171.043,355553.982,566.528
S3_02390,478876.473,256349.096,510.128
S3_02391,483236.649,289678.180,78.736
S3_02392,458299.705,456085.165,535.485
S3_02393,482970.161,293906.396,346.109
S3_02394,483384.262,316189.901,451.851
S3_02395,481977.268,287714.410,116.266
S3_02396,471107.522,364375.528,147.998
S3_02397,453443.144,561435.185,293.384
S3_02398,455013.329,551112.842,204.363
S3_02399,458979.830,413035.609,134.187
S3_02400,457466.418,535894.214,201.956
S3_02401,434001.288,568456.145,554.187
S3_02402,444824.983,566551.255,532.615
S3_02403,482774.650,291416.815,403.397
S3_02404,455544.643,551313.152,562.127
S3_02405,354471.742,585913.185,385.060
S3_02406,476346.379,342388.745,301.477
S3_02407,448189.525,562591.355,348.060
S3_02408,455706.859,544329.740,590.090
S3_02409,414214.911,576717.561,136.252
S3_02410,399885.923,582051.863,474.607
S3_02411,458622.742,511010.649,339.097
S3_02412,477952.092,230320.916,317.790
S3_02413,456432.822,554168.256,405.881
S3_02414,356209.602,585354.754,514.653
S3_02415,406911.549,580291.578,510.426
S3_02416,449726.733,562905.681,421.281
S3_02417,398777.579,582571.137,475.579
S3_02418,477805.007,237580.962,108.699
S3_02419,406537.057,579388.421,530.178
S3_02420,455714.734,539668.415,275.858
S3_02421,482301.269,293026.820,297.623
S3_02422,474420.876,346642.411,370.362
S3_02423,456677.636,518991.893,399.362
S3_02424,480003.125,256847.827,308.924
S3_02425,477200.421,232405.436,336.263
S3_02426,448084.276,562705.515,355.896
S3_02427,454881.808,543091.126,417.837
S3_02428,483949.841,296595.862,549.392
S3_02429,371188.457,584842.457,63.763
S3_02430,483053.008,294102.417,596.884
S3_02431,478589.849,253840.303,596.799
S3_02432,455998.632,483602.858,264.189
S3_02433,455742.298,508155.381,60.884
S3_02434,458709.787,432524.650,294.147
S3_02435,455636.626,495681.000,70.603
S3_02436,456362.856,507728.444,355.786
S3_02437,385166.918,584507.837,305.355
S3_02438,460453.254,413554.917,426.743
S3_02439,459062.764,447353.200,461.978
S3_02440,459870.139,404204.330,534.620
S3_02441,424642.016,570638.056,584.287
S3_02442,456678.824,503892.683,377.310
S3_02443,481368.861,324068.823,548.205
S3_02444,477379.161,334947.069,363.297
S3_02445,482483.103,297331.113,251.632
S3_02446,478530.726,338884.533,284.081
S3_02447,455522.706,535323.129,288.452
S3_02448,387946.132,584233.832,521.665
S3_02449,416892.024,574988.252,261.888
S3_02450,474804.533,350007.992,416.390
S3_02451,456198.263,492982.590,560.832
S3_02452,459340.335,439481.641,488.245
S3_02453,482426.332,281193.145,530.109
S3_02454,415936.618,574887.876,309.776
S3_02455,479901.228,261213.233,442.355
S3_02456,374704.492,585623.563,321.088
S3_02457,481681.140,267384.909,323.367
S3_02458,459791.184,407153.633,199.066
S3_02459,456063.628,535581.405,250.495
S3_02460,471059.876,362925.045,207.864
S3_02461,459599.035,412921.247,589.391
S3_02462,480279.074,271097.487,67.029
S3_02463,479186.188,331218.165,179.007
S3_02464,459803.100,437343.721,209.691
S3_02465,460746.712,439902.113,105.256
S3_02466,456289.670,541052.722,502.020
S3_02467,458511.238,410372.639,236.859
S3_02468,484138.111,290351.914,591.440
S3_02469,401672.326,583931.217,361.115
S3_02470,412747.529,577711.646,571.469
S3_02471,390729.424,585051.369,203.260
S3_02472,366953.691,583679.901,278.460
S3_02473,458769.103,463451.501,566.057
S3_02474,349252.646,585200.173,258.892
S3_02475,455250.003,518968.648,293.669
S3_02476,456362.754,535154.302,169.458
S3_02477,473027.802,349917.166,539.648
S3_02478,455389.761,553835.205,328.449
S3_02479,460099.580,441415.079,94.241
S3_02480,457036.416,480200.520,97.182
S3_02481,385846.649,585797.630,578.786
S3_02482,454473.927,556868.415,258.261
S3_02483,353217.134,585211.934,62.563
S3_02484,456479.050,502673.728,556.498
S3_02485,479237.920,250013.299,595.546
S3_02486,419956.497,575777.601,118.893
S3_02487,456437.743,512046.451,424.521
S3_02488,456592.600,468415.311,303.134
S3_02489,479241.075,335538.801,275.970
S3_02490,435801.470,567196.648,599.922
S3_02491,456029.922,525855.732,321.779
S3_02492,473818.233,351611.067,450.352
S3_02493,429800.304,569880.233,144.046
S3_02494,455987.653,536116.084,172.702
S3_02495,340296.588,585480.826,576.986
S3_02496,455704.629,513393.865,168.625
S3_02497,481812.332,277969.426,279.196
S3_02498,479956.001,324562.553,213.561
S3_02499,458106.990,466980.406,586.904
S3_02500,424008.373,574056.085,562.605
